V0928 23:52:57.334000 363526 site-packages/torch/_dynamo/utils.py:2470] {"chromium_event": {}, "frame_id": 0, "frame_compile_id": 0, "attempt": 0, "has_payload": "ebecd495a2bb4c1a4c01a83c95c66c83"}
	{
	"name": "dynamo",
	"ts": 1790632377334676.5,
	"args": {
	"compile_id": "0/0"
	},
	"ph": "B",
	"cat": "dynamo_timed",
	"tid": 0,
	"pid": 0
	}
V0928 23:52:57.335000 363526 site-packages/torch/_logging/_internal.py:1390] {"artifact": {"name": "torch_version", "encoding": "json"}, "has_payload": "9161729fbe0317a322fda710a98e3d28"}
	{
	"pytorch_version": "2.15.0.dev20260922+cu132",
	"commit": "038331dffa75e17cc9381edd0c2c667f07adc2a7",
	"oss": true
	}
V0928 23:52:57.335000 363526 site-packages/torch/_dynamo/utils.py:2470] {"chromium_event": {}, "frame_id": 0, "frame_compile_id": 0, "attempt": 0, "has_payload": "3f6a7846960142e01a96c30ae4fd6d0e"}
	{
	"name": "entire_frame_compile",
	"ts": 1790632377335219.2,
	"args": {
	"fn_name": "_compile.compile_inner",
	"compile_id": "0/0"
	},
	"ph": "B",
	"cat": "dynamo_timed",
	"tid": 0,
	"pid": 0
	}
V0928 23:52:57.335000 363526 site-packages/torch/_logging/structured.py:28] {"str": ["/home/arki/miniconda3/envs/aiperf/lib/python3.10/site-packages/torch/_dynamo/convert_frame.py", 0]}
V0928 23:52:57.335000 363526 site-packages/torch/_logging/structured.py:28] {"str": ["/home/arki/workspace/pytorch/agent_space/extern_kernel_out_unaligned.py", 1]}
V0928 23:52:57.335000 363526 site-packages/torch/_dynamo/convert_frame.py:307] {"dynamo_start": {"stack": [{"line": 34, "name": "fn", "filename": 1}]}, "frame_id": 0, "frame_compile_id": 0, "attempt": 0}
V0928 23:52:57.335000 363526 site-packages/torch/_dynamo/utils.py:2470] {"chromium_event": {}, "frame_id": 0, "frame_compile_id": 0, "attempt": 0, "has_payload": "c2279e70f8f8ccadd6e96bf1b30dc2c8"}
	{
	"name": "compile_attempt_0",
	"ts": 1790632377335628.8,
	"args": {
	"compile_id": "0/0"
	},
	"ph": "B",
	"cat": "dynamo_timed",
	"tid": 0,
	"pid": 0
	}
V0928 23:52:57.337000 363526 site-packages/torch/_dynamo/utils.py:2470] {"chromium_event": {}, "frame_id": 0, "frame_compile_id": 0, "attempt": 0, "has_payload": "4fcf6cf1a8a929d2391df57ac7c8f49a"}
	{
	"name": "bytecode_tracing",
	"ts": 1790632377337669.8,
	"args": {
	"compile_id": "0/0"
	},
	"ph": "B",
	"cat": "dynamo_timed",
	"tid": 0,
	"pid": 0
	}
V0928 23:52:57.338000 363526 site-packages/torch/_subclasses/meta_utils.py:298] {"describe_storage": {"id": 0, "describer_id": 0, "size": 262148}, "frame_id": 0, "frame_compile_id": 0, "attempt": 0}
V0928 23:52:57.339000 363526 site-packages/torch/_subclasses/meta_utils.py:537] {"describe_tensor": {"id": 0, "ndim": 1, "dtype": "torch.float32", "device": "device(type='cuda', index=0)", "size": [65537], "dynamo_hint_overrides": {}, "is_leaf": true, "stride": [1], "storage": 0, "view_func": "_CustomViewFunc(func=<built-in method _view_func_unsafe of Tensor object at 0x77c62faed170>)", "describer_id": 0}, "frame_id": 0, "frame_compile_id": 0, "attempt": 0}
V0928 23:52:57.339000 363526 site-packages/torch/_subclasses/meta_utils.py:2385] {"describe_source": {"describer_id": 0, "id": 0, "source": "L['storage']"}, "frame_id": 0, "frame_compile_id": 0, "attempt": 0}
V0928 23:52:57.362000 363526 site-packages/torch/_dynamo/utils.py:2470] {"chromium_event": {}, "frame_id": 0, "frame_compile_id": 0, "attempt": 0, "has_payload": "c95aff1bb516fea8847dcdc8e73c679b"}
	{
	"name": "bytecode_tracing",
	"ts": 1790632377362561.8,
	"args": {
	"compile_id": "0/0",
	"get_fake_value_time_s": 0.00235581,
	"create_proxy_time_s": 0.003012276,
	"wrap_to_fake_tensor_and_record_time_s": 0.000967569,
	"variable_builder_call_time_s": 0.017537288
	},
	"ph": "E",
	"cat": "dynamo_timed",
	"tid": 0,
	"pid": 0
	}
V0928 23:52:57.362000 363526 site-packages/torch/_dynamo/utils.py:2470] {"chromium_event": {}, "frame_id": 0, "frame_compile_id": 0, "attempt": 0, "has_payload": "cec476832587bd1c9f31e7120c680e2a"}
	{
	"name": "insert_deferred_runtime_asserts",
	"ts": 1790632377362960.0,
	"args": {
	"compile_id": "0/0"
	},
	"ph": "B",
	"cat": "dynamo_timed",
	"tid": 0,
	"pid": 0
	}
V0928 23:52:57.363000 363526 site-packages/torch/_dynamo/utils.py:2470] {"chromium_event": {}, "frame_id": 0, "frame_compile_id": 0, "attempt": 0, "has_payload": "6adb0b784c68e0b6844756dae0a0212b"}
	{
	"name": "insert_deferred_runtime_asserts",
	"ts": 1790632377363701.8,
	"args": {
	"compile_id": "0/0"
	},
	"ph": "E",
	"cat": "dynamo_timed",
	"tid": 0,
	"pid": 0
	}
V0928 23:52:57.364000 363526 site-packages/torch/_dynamo/output_graph.py:2960] {"dynamo_output_graph": {"sizes": {"l_storage_": [65537], "x": [65536], "y": [65536], "add": [65536]}}, "frame_id": 0, "frame_compile_id": 0, "attempt": 0, "has_payload": "0bc568fd269561b863429c3ea7497ea2"}
	class GraphModule(torch.nn.Module):
	    def forward(self, L_storage_: "f32[65537][1]cuda:0"):
	        l_storage_ = L_storage_
	
	        # File: /home/arki/workspace/pytorch/agent_space/extern_kernel_out_unaligned.py:37 in fn, code: x = storage[1:]
	        x: "f32[65536][1]cuda:0" = l_storage_[slice(1, None, None)];  l_storage_ = None
	
	        # File: /home/arki/workspace/pytorch/agent_space/extern_kernel_out_unaligned.py:38 in fn, code: y = torch.ops.alignment_demo.copy(x)  # Lowers to ExternKernelOut.
	        y: "f32[65536][1]cuda:0" = torch.ops.alignment_demo.copy(x);  x = None
	
	        # File: /home/arki/workspace/pytorch/agent_space/extern_kernel_out_unaligned.py:39 in fn, code: return y + 1  # Inductor generates the Triton consumer.
	        add: "f32[65536][1]cuda:0" = y + 1;  y = None
	        return (add,)
	
V0928 23:52:57.364000 363526 site-packages/torch/_dynamo/utils.py:2470] {"chromium_event": {}, "frame_id": 0, "frame_compile_id": 0, "attempt": 0, "has_payload": "8ae2f1cb4eb3f9e934e1b9787e1a9b5e"}
	{
	"name": "backend_compile",
	"ts": 1790632377364550.5,
	"args": {
	"fn_name": "OutputGraph.call_user_compiler",
	"compile_id": "0/0"
	},
	"ph": "B",
	"cat": "dynamo_timed",
	"tid": 0,
	"pid": 0
	}
V0928 23:52:57.612000 363526 site-packages/torch/_dynamo/utils.py:2470] {"chromium_event": {}, "frame_id": 0, "frame_compile_id": 0, "attempt": 0, "has_payload": "bfcbbfb1e0f1b3a957780a8273a98f94"}
	{
	"name": "inductor_codecache_torch_key",
	"ts": 1790632377612716.2,
	"args": {
	"compile_id": "0/0"
	},
	"ph": "B",
	"cat": "dynamo_timed",
	"tid": 0,
	"pid": 0
	}
V0928 23:52:57.672000 363526 site-packages/torch/_dynamo/utils.py:2470] {"chromium_event": {}, "frame_id": 0, "frame_compile_id": 0, "attempt": 0, "has_payload": "4d8d5a22fb3b2fb2ea48be604016ecd3"}
	{
	"name": "inductor_codecache_torch_key",
	"ts": 1790632377672834.5,
	"args": {
	"compile_id": "0/0"
	},
	"ph": "E",
	"cat": "dynamo_timed",
	"tid": 0,
	"pid": 0
	}
V0928 23:52:57.768000 363526 site-packages/torch/_inductor/compile_fx.py:3057] {"artifact": {"name": "before_pre_grad_graph", "encoding": "string"}, "frame_id": 0, "frame_compile_id": 0, "attempt": 0, "has_payload": "0b465209c6492b537200105d8450caa2"}
	class GraphModule(torch.nn.Module):
	    def forward(self, L_storage_: "f32[65537][1]cuda:0"):
	        l_storage_ = L_storage_
	
	        # File: /home/arki/workspace/pytorch/agent_space/extern_kernel_out_unaligned.py:37 in fn, code: x = storage[1:]
	        x: "f32[65536][1]cuda:0" = l_storage_[slice(1, None, None)];  l_storage_ = None
	
	        # File: /home/arki/workspace/pytorch/agent_space/extern_kernel_out_unaligned.py:38 in fn, code: y = torch.ops.alignment_demo.copy(x)  # Lowers to ExternKernelOut.
	        y: "f32[65536][1]cuda:0" = torch.ops.alignment_demo.copy(x);  x = None
	
	        # File: /home/arki/workspace/pytorch/agent_space/extern_kernel_out_unaligned.py:39 in fn, code: return y + 1  # Inductor generates the Triton consumer.
	        add: "f32[65536][1]cuda:0" = y + 1;  y = None
	        return (add,)
	
	
	 # graph id: 131693079718752
V0928 23:52:57.768000 363526 site-packages/torch/_dynamo/utils.py:2470] {"chromium_event": {}, "frame_id": 0, "frame_compile_id": 0, "attempt": 0, "has_payload": "bccd556d2e1cb23a68d94e90dd0731d2"}
	{
	"name": "_recursive_pre_grad_passes",
	"ts": 1790632377768744.0,
	"args": {
	"compile_id": "0/0"
	},
	"ph": "B",
	"cat": "dynamo_timed",
	"tid": 0,
	"pid": 0
	}
V0928 23:52:57.770000 363526 site-packages/torch/_dynamo/utils.py:2470] {"chromium_event": {}, "frame_id": 0, "frame_compile_id": 0, "attempt": 0, "has_payload": "8d91b9561f6db46dacda3bac62fba719"}
	{
	"name": "pass.pre_grad_passes.group_batch_fusion_passes",
	"ts": 1790632377770102.5,
	"args": {
	"compile_id": "0/0"
	},
	"ph": "B",
	"cat": "dynamo_timed",
	"tid": 0,
	"pid": 0
	}
V0928 23:52:57.770000 363526 site-packages/torch/_dynamo/utils.py:2470] {"chromium_event": {}, "frame_id": 0, "frame_compile_id": 0, "attempt": 0, "has_payload": "bdae7daff2ddcd811d524178d96dcd57"}
	{
	"name": "pass.pre_grad_passes.group_batch_fusion_passes",
	"ts": 1790632377770222.5,
	"args": {
	"compile_id": "0/0"
	},
	"ph": "E",
	"cat": "dynamo_timed",
	"tid": 0,
	"pid": 0
	}
V0928 23:52:57.770000 363526 site-packages/torch/_dynamo/utils.py:2470] {"chromium_event": {}, "frame_id": 0, "frame_compile_id": 0, "attempt": 0, "has_payload": "9a65b9cecce3c25773382c6e4a4c3ea6"}
	{
	"name": "pass.pre_grad_passes.efficient_conv_bn_eval_pass",
	"ts": 1790632377770304.0,
	"args": {
	"compile_id": "0/0"
	},
	"ph": "B",
	"cat": "dynamo_timed",
	"tid": 0,
	"pid": 0
	}
V0928 23:52:57.770000 363526 site-packages/torch/_dynamo/utils.py:2470] {"chromium_event": {}, "frame_id": 0, "frame_compile_id": 0, "attempt": 0, "has_payload": "a0c9e99a1656934bb0ea86e9119ef26a"}
	{
	"name": "pass.pre_grad_passes.efficient_conv_bn_eval_pass",
	"ts": 1790632377770390.8,
	"args": {
	"compile_id": "0/0"
	},
	"ph": "E",
	"cat": "dynamo_timed",
	"tid": 0,
	"pid": 0
	}
V0928 23:52:57.770000 363526 site-packages/torch/_dynamo/utils.py:2470] {"chromium_event": {}, "frame_id": 0, "frame_compile_id": 0, "attempt": 0, "has_payload": "1f1d321018ec642db4cc081fac3346b6"}
	{
	"name": "pass.pre_grad_passes.apply_gumbel_max_trick_pass",
	"ts": 1790632377770562.2,
	"args": {
	"compile_id": "0/0"
	},
	"ph": "B",
	"cat": "dynamo_timed",
	"tid": 0,
	"pid": 0
	}
V0928 23:52:57.770000 363526 site-packages/torch/_dynamo/utils.py:2470] {"chromium_event": {}, "frame_id": 0, "frame_compile_id": 0, "attempt": 0, "has_payload": "49cbec947a7770f42873642884277da0"}
	{
	"name": "pass.pre_grad_passes.apply_gumbel_max_trick_pass",
	"ts": 1790632377770621.5,
	"args": {
	"compile_id": "0/0"
	},
	"ph": "E",
	"cat": "dynamo_timed",
	"tid": 0,
	"pid": 0
	}
V0928 23:52:57.771000 363526 site-packages/torch/_dynamo/utils.py:2470] {"chromium_event": {}, "frame_id": 0, "frame_compile_id": 0, "attempt": 0, "has_payload": "5e1257b10c206fdfc7b235f6e042bd3f"}
	{
	"name": "_recursive_pre_grad_passes",
	"ts": 1790632377771081.5,
	"args": {
	"compile_id": "0/0"
	},
	"ph": "E",
	"cat": "dynamo_timed",
	"tid": 0,
	"pid": 0
	}
V0928 23:52:57.771000 363526 site-packages/torch/_inductor/compile_fx.py:3088] {"artifact": {"name": "after_pre_grad_graph", "encoding": "string"}, "frame_id": 0, "frame_compile_id": 0, "attempt": 0, "has_payload": "0b465209c6492b537200105d8450caa2"}
	class GraphModule(torch.nn.Module):
	    def forward(self, L_storage_: "f32[65537][1]cuda:0"):
	        l_storage_ = L_storage_
	
	        # File: /home/arki/workspace/pytorch/agent_space/extern_kernel_out_unaligned.py:37 in fn, code: x = storage[1:]
	        x: "f32[65536][1]cuda:0" = l_storage_[slice(1, None, None)];  l_storage_ = None
	
	        # File: /home/arki/workspace/pytorch/agent_space/extern_kernel_out_unaligned.py:38 in fn, code: y = torch.ops.alignment_demo.copy(x)  # Lowers to ExternKernelOut.
	        y: "f32[65536][1]cuda:0" = torch.ops.alignment_demo.copy(x);  x = None
	
	        # File: /home/arki/workspace/pytorch/agent_space/extern_kernel_out_unaligned.py:39 in fn, code: return y + 1  # Inductor generates the Triton consumer.
	        add: "f32[65536][1]cuda:0" = y + 1;  y = None
	        return (add,)
	
	
	 # graph id: 131693079718752
V0928 23:52:57.771000 363526 site-packages/torch/_dynamo/utils.py:2470] {"chromium_event": {}, "frame_id": 0, "frame_compile_id": 0, "attempt": 0, "has_payload": "dd2db34e6879eecd563b4cf652e5e331"}
	{
	"name": "create_aot_dispatcher_function",
	"ts": 1790632377771487.8,
	"args": {
	"compile_id": "0/0"
	},
	"ph": "B",
	"cat": "dynamo_timed",
	"tid": 0,
	"pid": 0
	}
V0928 23:52:57.773000 363526 site-packages/torch/_dynamo/utils.py:2470] {"chromium_event": {}, "frame_id": 0, "frame_compile_id": 0, "attempt": 0, "has_payload": "25c981d8faa7323e92aa45b33419943c"}
	{
	"name": "aot_collect_metadata",
	"ts": 1790632377773179.0,
	"args": {
	"compile_id": "0/0"
	},
	"ph": "B",
	"cat": "dynamo_timed",
	"tid": 0,
	"pid": 0
	}
V0928 23:52:57.776000 363526 site-packages/torch/_dynamo/utils.py:2470] {"chromium_event": {}, "frame_id": 0, "frame_compile_id": 0, "attempt": 0, "has_payload": "d923b11b562db815d6e3407e0cf94144"}
	{
	"name": "aot_collect_metadata",
	"ts": 1790632377776044.8,
	"args": {
	"compile_id": "0/0"
	},
	"ph": "E",
	"cat": "dynamo_timed",
	"tid": 0,
	"pid": 0
	}
V0928 23:52:57.780000 363526 site-packages/torch/_functorch/_aot_autograd/graph_capture.py:428] {"artifact": {"name": "aot_forward_graph_fw_metadata", "encoding": "string"}, "frame_id": 0, "frame_compile_id": 0, "attempt": 0, "has_payload": "6988cf494ffd04f7f612e8c1a46379d5"}
	ViewAndMutationMeta(input_info=[InputAliasInfo(is_leaf=True,
	                                              mutates_data=False,
	                                              mutates_metadata=False,
	                                              mutations_hidden_from_autograd=True,
	                                              mutations_under_no_grad_or_inference_mode=False,
	                                              mutation_inductor_storage_resize=False,
	                                              mutates_storage_metadata=False,
	                                              mutation_is_shallow_copy_data=False,
	                                              requires_grad=False,
	                                              keep_input_mutations=True)],
	                    output_info=[OutputAliasInfo(output_type=<OutputType.non_alias: 1>,
	                                                raw_type=<class 'torch._subclasses.functional_tensor.FunctionalTensor'>,
	                                                base_idx=None,
	                                                dynamic_dims=set(),
	                                                requires_grad=False,
	                                                requires_grad_for_backward=False,
	                                                view_meta_sequence=None)],
	                    num_intermediate_bases=0,
	                    keep_input_mutations=True,
	                    traced_tangents=[],
	                    traced_tangents_descs=[],
	                    subclass_inp_meta=[PlainTensorMeta(unwrapped_idx=0,
	                                                      memory_format=None,
	                                                      size_symbol_placeholders=(),
	                                                      stride_symbol_placeholders=())],
	                    subclass_fw_graph_out_meta=[PlainTensorMeta(unwrapped_idx=0,
	                                                               memory_format=None,
	                                                               size_symbol_placeholders=(),
	                                                               stride_symbol_placeholders=())],
	                    subclass_tangent_meta=[],
	                    traced_tangent_metas=None,
	                    num_symints_saved_for_bw=None,
	                    num_tensors_saved_with_no_vc_check=None,
	                    num_opaque_objects_saved_for_bw=None,
	                    saved_tensor_is_graph_input=[],
	                    grad_enabled_mutation=None,
	                    deterministic=False,
	                    static_input_indices=[],
	                    act_input_paths=[],
	                    tokens={},
	                    indices_of_inputs_that_requires_grad_with_mutations_in_bw=[],
	                    bw_donated_idxs=None,
	                    num_backward_tokens=0,
	                    num_graphsafe_rng_states=0,
	                    graphsafe_rng_state_index=None,
	                    graphsafe_rng_device=None,
	                    mutated_inp_stream_indices=[],
	                    compile_id_str=None,
	                    tangent_source_stack_traces=None)
V0928 23:52:57.781000 363526 site-packages/torch/_functorch/_aot_autograd/graph_capture.py:446] {"aot_inference_graph": {}, "frame_id": 0, "frame_compile_id": 0, "attempt": 0, "has_payload": "4009f4543cfc5b949c4df3daab35bf3f"}
	class <lambda>(torch.nn.Module):
	    def forward(
	        self,
	        arg0_1: "f32[65537][1]cuda:0",  # PlainAOTInput(idx=0)
	    ):
	        # File: /home/arki/workspace/pytorch/agent_space/extern_kernel_out_unaligned.py:37 in fn, code: x = storage[1:]
	        slice_1: "f32[65536][1]cuda:0" = torch.ops.aten.slice.Tensor(arg0_1, 0, 1, 9223372036854775807);  arg0_1 = None
	
	        # File: /home/arki/workspace/pytorch/agent_space/extern_kernel_out_unaligned.py:38 in fn, code: y = torch.ops.alignment_demo.copy(x)  # Lowers to ExternKernelOut.
	        copy: "f32[65536][1]cuda:0" = torch.ops.alignment_demo.copy.default(slice_1);  slice_1 = None
	
	        # File: /home/arki/workspace/pytorch/agent_space/extern_kernel_out_unaligned.py:39 in fn, code: return y + 1  # Inductor generates the Triton consumer.
	        add: "f32[65536][1]cuda:0" = torch.ops.aten.add.Tensor(copy, 1);  copy = None
	        return (
	            add,  # PlainAOTOutput(idx=0)
	        )
	
V0928 23:52:57.781000 363526 site-packages/torch/_functorch/_aot_autograd/graph_compile.py:388] {"artifact": {"name": "torch._functorch.config", "encoding": "string"}, "frame_id": 0, "frame_compile_id": 0, "attempt": 0, "has_payload": "10538514c022e837fe557c404136e052"}
	{
	"TYPE_CHECKING": false,
	"_save_config_ignore": [
	"joint_custom_pass",
	"activation_memory_budget_runtime_estimator",
	"activation_memory_budget_solver"
	],
	"functionalize_rng_ops": false,
	"fake_tensor_allow_meta": true,
	"debug_assert": false,
	"debug_partitioner": true,
	"decompose_custom_triton_ops": true,
	"static_weight_shapes": true,
	"treat_parameters_as_free_to_save": true,
	"cse": true,
	"unsafe_treat_script_objects_as_zero_size": false,
	"enable_autograd_cache": true,
	"autograd_cache_allow_custom_autograd_functions": false,
	"bundled_autograd_cache": false,
	"bypass_autograd_cache_key": false,
	"autograd_cache_normalize_inputs": true,
	"check_custom_op_aliasing": true,
	"error_on_custom_op_aliasing": false,
	"enable_remote_autograd_cache": null,
	"view_replay_for_aliased_outputs": true,
	"max_dist_from_bw": 1000,
	"ban_recompute_used_far_apart": true,
	"ban_recompute_long_fusible_chains": true,
	"ban_recompute_materialized_backward": true,
	"ban_recompute_not_in_allowlist": true,
	"ban_recompute_reductions": true,
	"recompute_views": false,
	"is_non_builtin_to_include": false,
	"remat_using_tags_for_fwd_loss_bwd_graph": true,
	"activation_memory_budget": 1.0,
	"activation_memory_budget_require_full_coverage": true,
	"visualize_memory_budget_pareto": false,
	"memory_budget_pareto_dir": null,
	"aggressive_recomputation": false,
	"enable_activation_offloading": false,
	"activation_offload_separate_stream": false,
	"activation_offload_sink_wait": false,
	"activation_reload_prefetch": false,
	"activation_offload_cpu_gpu_bw": 50.0,
	"fake_tensor_allow_unsafe_data_ptr_access": true,
	"unlift_effect_tokens": true,
	"custom_op_default_layout_constraint": "needs_exact_strides",
	"fake_tensor_crossref": false,
	"fake_tensor_propagate_real_tensors": false,
	"backward_pass_autocast": "same_as_forward",
	"donated_buffer": true,
	"torch_compile_graph_format": "svg",
	"generate_fake_kernels_from_real_mismatches": false,
	"fake_tensor_prefer_device_type": null,
	"graphsafe_rng_functionalization": true,
	"force_non_lazy_backward_lowering": false,
	"_test_disable_functionalization": true,
	"strict_autograd_cache": false,
	"unsafe_allow_optimization_of_collectives": false,
	"disable_guess_zero_tangent_for_mutated_input_subclass": false,
	"guess_tangent_strides_as_outputs": true,
	"_sync_decision_cross_ranks": false,
	"_sync_cache_decision_cross_ranks": false,
	"saved_tensors_hooks_filtering_mode": "donated",
	"force_autograd_cache": false,
	"selective_decompose": false,
	"enable_complex_wrapper": false
	}
V0928 23:52:57.781000 363526 site-packages/torch/_dynamo/utils.py:2470] {"chromium_event": {}, "frame_id": 0, "frame_compile_id": 0, "attempt": 0, "has_payload": "a4362638e215f90b7e27590bfe4d4822"}
	{
	"name": "compile_fx.<locals>.fw_compiler_base",
	"ts": 1790632377781510.0,
	"args": {
	"compile_id": "0/0"
	},
	"ph": "B",
	"cat": "dynamo_timed",
	"tid": 0,
	"pid": 0
	}
V0928 23:52:57.781000 363526 site-packages/torch/_inductor/compile_fx.py:2847] {"artifact": {"name": "before_joint_graph", "encoding": "string"}, "frame_id": 0, "frame_compile_id": 0, "attempt": 0, "has_payload": "58878765b1b589527d6b55bfcace556a"}
	class <lambda>(torch.nn.Module):
	    def forward(self, arg0_1: "f32[65537][1]cuda:0"):
	        # File: /home/arki/workspace/pytorch/agent_space/extern_kernel_out_unaligned.py:37 in fn, code: x = storage[1:]
	        slice_1: "f32[65536][1]cuda:0" = torch.ops.aten.slice.Tensor(arg0_1, 0, 1, 9223372036854775807);  arg0_1 = None
	
	        # File: /home/arki/workspace/pytorch/agent_space/extern_kernel_out_unaligned.py:38 in fn, code: y = torch.ops.alignment_demo.copy(x)  # Lowers to ExternKernelOut.
	        copy: "f32[65536][1]cuda:0" = torch.ops.alignment_demo.copy.default(slice_1);  slice_1 = None
	
	        # File: /home/arki/workspace/pytorch/agent_space/extern_kernel_out_unaligned.py:39 in fn, code: return y + 1  # Inductor generates the Triton consumer.
	        add: "f32[65536][1]cuda:0" = torch.ops.aten.add.Tensor(copy, 1);  copy = None
	        return (add,)
	
V0928 23:52:57.781000 363526 site-packages/torch/_dynamo/utils.py:2470] {"chromium_event": {}, "frame_id": 0, "frame_compile_id": 0, "attempt": 0, "has_payload": "7c5419144a2b3e79a9d80b4dda954f2d"}
	{
	"name": "_recursive_joint_graph_passes",
	"ts": 1790632377781846.5,
	"args": {
	"compile_id": "0/0"
	},
	"ph": "B",
	"cat": "dynamo_timed",
	"tid": 0,
	"pid": 0
	}
V0928 23:52:57.888000 363526 site-packages/torch/_dynamo/utils.py:2470] {"chromium_event": {}, "frame_id": 0, "frame_compile_id": 0, "attempt": 0, "has_payload": "0570af4b2b8e2075d320dff5b1f8806c"}
	{
	"name": "pass.joint_graph_passes.remove_noop_ops",
	"ts": 1790632377888452.0,
	"args": {
	"compile_id": "0/0"
	},
	"ph": "B",
	"cat": "dynamo_timed",
	"tid": 0,
	"pid": 0
	}
V0928 23:52:57.888000 363526 site-packages/torch/_dynamo/utils.py:2470] {"chromium_event": {}, "frame_id": 0, "frame_compile_id": 0, "attempt": 0, "has_payload": "a91be6117a63b6556948109a1e8b544b"}
	{
	"name": "pass.joint_graph_passes.remove_noop_ops",
	"ts": 1790632377888657.0,
	"args": {
	"compile_id": "0/0"
	},
	"ph": "E",
	"cat": "dynamo_timed",
	"tid": 0,
	"pid": 0
	}
V0928 23:52:57.888000 363526 site-packages/torch/_dynamo/utils.py:2470] {"chromium_event": {}, "frame_id": 0, "frame_compile_id": 0, "attempt": 0, "has_payload": "b2396c92c15f4ad4e66149e580dafdbc"}
	{
	"name": "pass.joint_graph_passes.constant_fold_uniform_value",
	"ts": 1790632377888752.0,
	"args": {
	"compile_id": "0/0"
	},
	"ph": "B",
	"cat": "dynamo_timed",
	"tid": 0,
	"pid": 0
	}
V0928 23:52:57.889000 363526 site-packages/torch/_dynamo/utils.py:2470] {"chromium_event": {}, "frame_id": 0, "frame_compile_id": 0, "attempt": 0, "has_payload": "88876f05315baadd71d456a4d8e3c0c3"}
	{
	"name": "pass.joint_graph_passes.constant_fold_uniform_value",
	"ts": 1790632377889035.5,
	"args": {
	"compile_id": "0/0"
	},
	"ph": "E",
	"cat": "dynamo_timed",
	"tid": 0,
	"pid": 0
	}
V0928 23:52:57.889000 363526 site-packages/torch/_dynamo/utils.py:2470] {"chromium_event": {}, "frame_id": 0, "frame_compile_id": 0, "attempt": 0, "has_payload": "b750275f47c9a732751d9c40efe3dd3c"}
	{
	"name": "pass.joint_graph_passes.pass_pattern_0",
	"ts": 1790632377889160.5,
	"args": {
	"compile_id": "0/0"
	},
	"ph": "B",
	"cat": "dynamo_timed",
	"tid": 0,
	"pid": 0
	}
V0928 23:52:57.889000 363526 site-packages/torch/_dynamo/utils.py:2470] {"chromium_event": {}, "frame_id": 0, "frame_compile_id": 0, "attempt": 0, "has_payload": "900c481acc315292a5337919992651c2"}
	{
	"name": "pass.joint_graph_passes.pass_pattern_0",
	"ts": 1790632377889258.5,
	"args": {
	"compile_id": "0/0"
	},
	"ph": "E",
	"cat": "dynamo_timed",
	"tid": 0,
	"pid": 0
	}
V0928 23:52:57.889000 363526 site-packages/torch/_dynamo/utils.py:2470] {"chromium_event": {}, "frame_id": 0, "frame_compile_id": 0, "attempt": 0, "has_payload": "07e2b653e2dfea5262c228a15d8ece67"}
	{
	"name": "pass.joint_graph_passes.pass_pattern_1",
	"ts": 1790632377889412.0,
	"args": {
	"compile_id": "0/0"
	},
	"ph": "B",
	"cat": "dynamo_timed",
	"tid": 0,
	"pid": 0
	}
V0928 23:52:57.889000 363526 site-packages/torch/_dynamo/utils.py:2470] {"chromium_event": {}, "frame_id": 0, "frame_compile_id": 0, "attempt": 0, "has_payload": "49394e1a6841e916edf5d3c4582f0c98"}
	{
	"name": "pass.joint_graph_passes.pass_pattern_1",
	"ts": 1790632377889482.2,
	"args": {
	"compile_id": "0/0"
	},
	"ph": "E",
	"cat": "dynamo_timed",
	"tid": 0,
	"pid": 0
	}
V0928 23:52:57.889000 363526 site-packages/torch/_dynamo/utils.py:2470] {"chromium_event": {}, "frame_id": 0, "frame_compile_id": 0, "attempt": 0, "has_payload": "c29841d76d415eb4c44ea9a3bed0f5a7"}
	{
	"name": "_recursive_joint_graph_passes",
	"ts": 1790632377889605.2,
	"args": {
	"compile_id": "0/0"
	},
	"ph": "E",
	"cat": "dynamo_timed",
	"tid": 0,
	"pid": 0
	}
V0928 23:52:57.889000 363526 site-packages/torch/_inductor/compile_fx.py:2878] {"artifact": {"name": "after_joint_graph", "encoding": "string"}, "frame_id": 0, "frame_compile_id": 0, "attempt": 0, "has_payload": "58878765b1b589527d6b55bfcace556a"}
	class <lambda>(torch.nn.Module):
	    def forward(self, arg0_1: "f32[65537][1]cuda:0"):
	        # File: /home/arki/workspace/pytorch/agent_space/extern_kernel_out_unaligned.py:37 in fn, code: x = storage[1:]
	        slice_1: "f32[65536][1]cuda:0" = torch.ops.aten.slice.Tensor(arg0_1, 0, 1, 9223372036854775807);  arg0_1 = None
	
	        # File: /home/arki/workspace/pytorch/agent_space/extern_kernel_out_unaligned.py:38 in fn, code: y = torch.ops.alignment_demo.copy(x)  # Lowers to ExternKernelOut.
	        copy: "f32[65536][1]cuda:0" = torch.ops.alignment_demo.copy.default(slice_1);  slice_1 = None
	
	        # File: /home/arki/workspace/pytorch/agent_space/extern_kernel_out_unaligned.py:39 in fn, code: return y + 1  # Inductor generates the Triton consumer.
	        add: "f32[65536][1]cuda:0" = torch.ops.aten.add.Tensor(copy, 1);  copy = None
	        return (add,)
	
V0928 23:52:57.890000 363526 site-packages/torch/_dynamo/utils.py:2470] {"chromium_event": {}, "frame_id": 0, "frame_compile_id": 0, "attempt": 0, "has_payload": "3705e09014bdd4be18153e06a5dee341"}
	{
	"name": "inductor_compile",
	"ts": 1790632377890032.2,
	"args": {
	"fn_name": "compile_fx_inner",
	"compile_id": "0/0"
	},
	"ph": "B",
	"cat": "dynamo_timed",
	"tid": 0,
	"pid": 0
	}
V0928 23:52:57.890000 363526 site-packages/torch/_dynamo/utils.py:2470] {"chromium_event": {}, "frame_id": 0, "frame_compile_id": 0, "attempt": 0, "has_payload": "3add66f684623df766db305a782269e1"}
	{
	"name": "fx_codegen_and_compile",
	"ts": 1790632377890582.5,
	"args": {
	"compile_id": "0/0"
	},
	"ph": "B",
	"cat": "dynamo_timed",
	"tid": 0,
	"pid": 0
	}
V0928 23:52:57.893000 363526 site-packages/torch/_inductor/compile_fx.py:1635] {"artifact": {"name": "fx_graph_runnable", "encoding": "string"}, "frame_id": 0, "frame_compile_id": 0, "attempt": 0, "has_payload": "4ba7a6f650eedbfdf641c881c0ac16d5"}
	
	import os
	os.environ['TRITON_DUMP_DIR'] = '/home/arki/workspace/pytorch/agent_space/compile_debug_20260928_235256_BVGGqz/triton'
	os.environ['TORCHINDUCTOR_FORCE_DISABLE_CACHES'] = '1'
	os.environ['TORCH_COMPILE_DEBUG'] = '1'
	os.environ['TORCH_COMPILE_DEBUG_DIR'] = '/home/arki/workspace/pytorch/agent_space/compile_debug_20260928_235256_BVGGqz'
	os.environ['TRITON_KERNEL_DUMP'] = '1'
	os.environ['TRITON_ALWAYS_COMPILE'] = '1'
	os.environ['TORCHINDUCTOR_CACHE_DIR'] = '/tmp/torchinductor_arki/tmpwqjwaw2j'
	os.environ['TRITON_CACHE_DIR'] = '/tmp/torchinductor_arki/tmpwqjwaw2j/triton'
	os.environ.pop('TORCHDYNAMO_REPRO_AFTER', None)
	os.environ.pop('TORCHDYNAMO_REPRO_LEVEL', None)
	
	import torch
	from torch import tensor, device
	import torch.fx as fx
	from torch._dynamo.testing import rand_strided
	import math
	from math import inf
	import torch._inductor.inductor_prims
	
	
	
	import torch._dynamo.config
	import torch._inductor.config
	import torch._functorch.config
	import torch.fx.experimental._config
	
	
	torch._functorch.config.functionalize_rng_ops = False
	torch._functorch.config.debug_partitioner = True
	torch._functorch.config.fake_tensor_allow_unsafe_data_ptr_access = True
	torch._functorch.config.unlift_effect_tokens = True
	torch._functorch.config.selective_decompose = False
	
	
	
	
	isolate_fails_code_str = None
	
	
	
	
	
	if "__compile_source__" in globals():
	    import inspect as __after_aot_inspect
	    import linecache as __after_aot_linecache
	    __after_aot_filename = __after_aot_inspect.currentframe().f_code.co_filename
	    __after_aot_linecache.cache[__after_aot_filename] = (
	        len(__compile_source__),
	        None,
	        __compile_source__.splitlines(True),
	        __after_aot_filename,
	    )
	# torch version: 2.15.0.dev20260922+cu132
	# torch cuda version: 13.2
	# torch git version: 038331dffa75e17cc9381edd0c2c667f07adc2a7
	
	
	# CUDA Info: 
	# nvcc: NVIDIA (R) Cuda compiler driver 
	# Copyright (c) 2005-2023 NVIDIA Corporation 
	# Built on Tue_Aug_15_22:02:13_PDT_2023 
	# Cuda compilation tools, release 12.2, V12.2.140 
	# Build cuda_12.2.r12.2/compiler.33191640_0 
	
	# GPU Hardware Info: 
	# NVIDIA GeForce RTX 5070 Ti : 1 
	
	torch._higher_order_ops.triton_kernel_wrap.kernel_side_table.reset_table()
	
	from torch.nn import *
	class Repro(torch.nn.Module):
	    def __init__(self) -> None:
	        super().__init__()
	
	
	
	    def forward(self, arg0_1):
	        slice_1 = torch.ops.aten.slice.Tensor(arg0_1, 0, 1, 9223372036854775807);  arg0_1 = None
	        copy = torch.ops.alignment_demo.copy.default(slice_1);  slice_1 = None
	        add = torch.ops.aten.add.Tensor(copy, 1);  copy = None
	        return (add,)
	
	def load_args(reader):
	    buf0 = reader.storage(None, 262148, device=device(type='cuda', index=0))
	    reader.tensor(buf0, (65537,), is_leaf=True)  # arg0_1
	load_args._version = 0
	mod = Repro()
	if __name__ == '__main__':
	    from torch._dynamo.repro.after_aot import run_repro
	    with torch.no_grad():
	        run_repro(mod, load_args, accuracy=False, command='run', save_dir=None, tracing_mode='real', check_str=None, is_inference=True)
	        # To run it separately, do 
	        # mod, args = run_repro(mod, load_args, accuracy=False, command='get_args', save_dir=None, tracing_mode='real', check_str=None, is_inference=True)
	        # mod(*args)
V0928 23:52:57.894000 363526 site-packages/torch/_dynamo/utils.py:2470] {"chromium_event": {}, "frame_id": 0, "frame_compile_id": 0, "attempt": 0, "has_payload": "fd9a55d5804ea4514d7c225fac5775ad"}
	{
	"name": "additional_fake_tensor_prop",
	"ts": 1790632377894526.2,
	"args": {
	"compile_id": "0/0"
	},
	"ph": "B",
	"cat": "dynamo_timed",
	"tid": 0,
	"pid": 0
	}
V0928 23:52:57.895000 363526 site-packages/torch/_dynamo/utils.py:2470] {"chromium_event": {}, "frame_id": 0, "frame_compile_id": 0, "attempt": 0, "has_payload": "b0b1ed29762e3d5a0f7b9d86083a6a01"}
	{
	"name": "additional_fake_tensor_prop",
	"ts": 1790632377895397.0,
	"args": {
	"compile_id": "0/0"
	},
	"ph": "E",
	"cat": "dynamo_timed",
	"tid": 0,
	"pid": 0
	}
V0928 23:52:57.895000 363526 site-packages/torch/_inductor/compile_fx.py:1687] {"artifact": {"name": "before_post_grad_graph", "encoding": "string"}, "frame_id": 0, "frame_compile_id": 0, "attempt": 0, "has_payload": "58878765b1b589527d6b55bfcace556a"}
	class <lambda>(torch.nn.Module):
	    def forward(self, arg0_1: "f32[65537][1]cuda:0"):
	        # File: /home/arki/workspace/pytorch/agent_space/extern_kernel_out_unaligned.py:37 in fn, code: x = storage[1:]
	        slice_1: "f32[65536][1]cuda:0" = torch.ops.aten.slice.Tensor(arg0_1, 0, 1, 9223372036854775807);  arg0_1 = None
	
	        # File: /home/arki/workspace/pytorch/agent_space/extern_kernel_out_unaligned.py:38 in fn, code: y = torch.ops.alignment_demo.copy(x)  # Lowers to ExternKernelOut.
	        copy: "f32[65536][1]cuda:0" = torch.ops.alignment_demo.copy.default(slice_1);  slice_1 = None
	
	        # File: /home/arki/workspace/pytorch/agent_space/extern_kernel_out_unaligned.py:39 in fn, code: return y + 1  # Inductor generates the Triton consumer.
	        add: "f32[65536][1]cuda:0" = torch.ops.aten.add.Tensor(copy, 1);  copy = None
	        return (add,)
	
V0928 23:52:57.895000 363526 site-packages/torch/_dynamo/utils.py:2470] {"chromium_event": {}, "frame_id": 0, "frame_compile_id": 0, "attempt": 0, "has_payload": "25b07d4875e330719fd07f77f5e19fd8"}
	{
	"name": "_recursive_post_grad_passes",
	"ts": 1790632377895805.0,
	"args": {
	"compile_id": "0/0"
	},
	"ph": "B",
	"cat": "dynamo_timed",
	"tid": 0,
	"pid": 0
	}
V0928 23:52:57.895000 363526 site-packages/torch/_dynamo/utils.py:2470] {"chromium_event": {}, "frame_id": 0, "frame_compile_id": 0, "attempt": 0, "has_payload": "80d268aab2795486d45cd3457a6cf945"}
	{
	"name": "pass.post_grad_passes.reorder_for_locality",
	"ts": 1790632377895910.8,
	"args": {
	"compile_id": "0/0"
	},
	"ph": "B",
	"cat": "dynamo_timed",
	"tid": 0,
	"pid": 0
	}
V0928 23:52:57.896000 363526 site-packages/torch/_dynamo/utils.py:2470] {"chromium_event": {}, "frame_id": 0, "frame_compile_id": 0, "attempt": 0, "has_payload": "aae8cd41c53b03aa57486b856b026750"}
	{
	"name": "pass.post_grad_passes.reorder_for_locality",
	"ts": 1790632377895992.0,
	"args": {
	"compile_id": "0/0"
	},
	"ph": "E",
	"cat": "dynamo_timed",
	"tid": 0,
	"pid": 0
	}
V0928 23:52:57.896000 363526 site-packages/torch/_dynamo/utils.py:2470] {"chromium_event": {}, "frame_id": 0, "frame_compile_id": 0, "attempt": 0, "has_payload": "d46dd351fa562bfa84facae69eab89d9"}
	{
	"name": "pass.post_grad_passes.remove_profiler_ops",
	"ts": 1790632377896100.2,
	"args": {
	"compile_id": "0/0"
	},
	"ph": "B",
	"cat": "dynamo_timed",
	"tid": 0,
	"pid": 0
	}
V0928 23:52:57.896000 363526 site-packages/torch/_dynamo/utils.py:2470] {"chromium_event": {}, "frame_id": 0, "frame_compile_id": 0, "attempt": 0, "has_payload": "9b64e4228b36180ee79e34b5bbe312f8"}
	{
	"name": "pass.post_grad_passes.remove_profiler_ops",
	"ts": 1790632377896165.8,
	"args": {
	"compile_id": "0/0"
	},
	"ph": "E",
	"cat": "dynamo_timed",
	"tid": 0,
	"pid": 0
	}
V0928 23:52:57.896000 363526 site-packages/torch/_dynamo/utils.py:2470] {"chromium_event": {}, "frame_id": 0, "frame_compile_id": 0, "attempt": 0, "has_payload": "3ca7a3b2d779b3e5e430ca5fee752976"}
	{
	"name": "pass.post_grad_passes.respecialize_current_device",
	"ts": 1790632377896230.0,
	"args": {
	"compile_id": "0/0"
	},
	"ph": "B",
	"cat": "dynamo_timed",
	"tid": 0,
	"pid": 0
	}
V0928 23:52:57.896000 363526 site-packages/torch/_dynamo/utils.py:2470] {"chromium_event": {}, "frame_id": 0, "frame_compile_id": 0, "attempt": 0, "has_payload": "aec0bb5707ff5ea4f8771f06ff18db5a"}
	{
	"name": "pass.post_grad_passes.respecialize_current_device",
	"ts": 1790632377896325.2,
	"args": {
	"compile_id": "0/0"
	},
	"ph": "E",
	"cat": "dynamo_timed",
	"tid": 0,
	"pid": 0
	}
V0928 23:52:57.906000 363526 site-packages/torch/_dynamo/utils.py:2470] {"chromium_event": {}, "frame_id": 0, "frame_compile_id": 0, "attempt": 0, "has_payload": "697e5accf82564b76aa213ff97cde006"}
	{
	"name": "pass.post_grad_passes.post_grad_custom_pre_pass",
	"ts": 1790632377906154.8,
	"args": {
	"compile_id": "0/0"
	},
	"ph": "B",
	"cat": "dynamo_timed",
	"tid": 0,
	"pid": 0
	}
V0928 23:52:57.906000 363526 site-packages/torch/_dynamo/utils.py:2470] {"chromium_event": {}, "frame_id": 0, "frame_compile_id": 0, "attempt": 0, "has_payload": "f6fa6932931460c53a1d33ae235ee410"}
	{
	"name": "pass.post_grad_passes.post_grad_custom_pre_pass",
	"ts": 1790632377906267.8,
	"args": {
	"compile_id": "0/0"
	},
	"ph": "E",
	"cat": "dynamo_timed",
	"tid": 0,
	"pid": 0
	}
V0928 23:52:57.906000 363526 site-packages/torch/_dynamo/utils.py:2470] {"chromium_event": {}, "frame_id": 0, "frame_compile_id": 0, "attempt": 0, "has_payload": "6cc890298e38bd0df11ec2db124bf58e"}
	{
	"name": "pass.post_grad_passes.remove_noop_ops",
	"ts": 1790632377906347.5,
	"args": {
	"compile_id": "0/0"
	},
	"ph": "B",
	"cat": "dynamo_timed",
	"tid": 0,
	"pid": 0
	}
V0928 23:52:57.906000 363526 site-packages/torch/_dynamo/utils.py:2470] {"chromium_event": {}, "frame_id": 0, "frame_compile_id": 0, "attempt": 0, "has_payload": "4657d92495413568136183bd8b2d7a39"}
	{
	"name": "pass.post_grad_passes.remove_noop_ops",
	"ts": 1790632377906452.2,
	"args": {
	"compile_id": "0/0"
	},
	"ph": "E",
	"cat": "dynamo_timed",
	"tid": 0,
	"pid": 0
	}
V0928 23:52:57.906000 363526 site-packages/torch/_dynamo/utils.py:2470] {"chromium_event": {}, "frame_id": 0, "frame_compile_id": 0, "attempt": 0, "has_payload": "c07138f8a3eb4098678785899f3440c2"}
	{
	"name": "pass.post_grad_passes.remove_assert_ops",
	"ts": 1790632377906525.5,
	"args": {
	"compile_id": "0/0"
	},
	"ph": "B",
	"cat": "dynamo_timed",
	"tid": 0,
	"pid": 0
	}
V0928 23:52:57.906000 363526 site-packages/torch/_dynamo/utils.py:2470] {"chromium_event": {}, "frame_id": 0, "frame_compile_id": 0, "attempt": 0, "has_payload": "34d61eae293cfe51336cdf669be67da3"}
	{
	"name": "pass.post_grad_passes.remove_assert_ops",
	"ts": 1790632377906645.5,
	"args": {
	"compile_id": "0/0"
	},
	"ph": "E",
	"cat": "dynamo_timed",
	"tid": 0,
	"pid": 0
	}
V0928 23:52:57.906000 363526 site-packages/torch/_dynamo/utils.py:2470] {"chromium_event": {}, "frame_id": 0, "frame_compile_id": 0, "attempt": 0, "has_payload": "21c6b56802e4faa9f9239b86ed788bc7"}
	{
	"name": "pass.post_grad_passes.pass_pattern_0",
	"ts": 1790632377906711.0,
	"args": {
	"compile_id": "0/0"
	},
	"ph": "B",
	"cat": "dynamo_timed",
	"tid": 0,
	"pid": 0
	}
V0928 23:52:57.906000 363526 site-packages/torch/_dynamo/utils.py:2470] {"chromium_event": {}, "frame_id": 0, "frame_compile_id": 0, "attempt": 0, "has_payload": "3799c9776e089a30eb79f37c277bf445"}
	{
	"name": "pass.post_grad_passes.pass_pattern_0",
	"ts": 1790632377906756.2,
	"args": {
	"compile_id": "0/0"
	},
	"ph": "E",
	"cat": "dynamo_timed",
	"tid": 0,
	"pid": 0
	}
V0928 23:52:57.906000 363526 site-packages/torch/_dynamo/utils.py:2470] {"chromium_event": {}, "frame_id": 0, "frame_compile_id": 0, "attempt": 0, "has_payload": "162c98b5b1595ecaddf6af77a12dc3f2"}
	{
	"name": "pass.post_grad_passes.pass_pattern_1",
	"ts": 1790632377906813.2,
	"args": {
	"compile_id": "0/0"
	},
	"ph": "B",
	"cat": "dynamo_timed",
	"tid": 0,
	"pid": 0
	}
V0928 23:52:57.907000 363526 site-packages/torch/_dynamo/utils.py:2470] {"chromium_event": {}, "frame_id": 0, "frame_compile_id": 0, "attempt": 0, "has_payload": "c7b8c04b6ab850b4eacc52f1720300c4"}
	{
	"name": "pass.post_grad_passes.pass_pattern_1",
	"ts": 1790632377907052.0,
	"args": {
	"compile_id": "0/0"
	},
	"ph": "E",
	"cat": "dynamo_timed",
	"tid": 0,
	"pid": 0
	}
V0928 23:52:57.907000 363526 site-packages/torch/_dynamo/utils.py:2470] {"chromium_event": {}, "frame_id": 0, "frame_compile_id": 0, "attempt": 0, "has_payload": "8b2658c179816d06fcfb15eeccd5ded4"}
	{
	"name": "pass.post_grad_passes.pass_pattern_2",
	"ts": 1790632377907127.5,
	"args": {
	"compile_id": "0/0"
	},
	"ph": "B",
	"cat": "dynamo_timed",
	"tid": 0,
	"pid": 0
	}
V0928 23:52:57.907000 363526 site-packages/torch/_dynamo/utils.py:2470] {"chromium_event": {}, "frame_id": 0, "frame_compile_id": 0, "attempt": 0, "has_payload": "f6fb9d0c30a30cb675a93cf36cf37e07"}
	{
	"name": "pass.post_grad_passes.pass_pattern_2",
	"ts": 1790632377907283.5,
	"args": {
	"compile_id": "0/0"
	},
	"ph": "E",
	"cat": "dynamo_timed",
	"tid": 0,
	"pid": 0
	}
V0928 23:52:57.907000 363526 site-packages/torch/_dynamo/utils.py:2470] {"chromium_event": {}, "frame_id": 0, "frame_compile_id": 0, "attempt": 0, "has_payload": "594ae9c0377ff08d2ffe47a42ba5166c"}
	{
	"name": "pass.post_grad_passes.stable_sort",
	"ts": 1790632377907366.8,
	"args": {
	"compile_id": "0/0"
	},
	"ph": "B",
	"cat": "dynamo_timed",
	"tid": 0,
	"pid": 0
	}
V0928 23:52:57.907000 363526 site-packages/torch/_dynamo/utils.py:2470] {"chromium_event": {}, "frame_id": 0, "frame_compile_id": 0, "attempt": 0, "has_payload": "6514dfef86772f892a7b57c2a70638a7"}
	{
	"name": "pass.post_grad_passes.stable_sort",
	"ts": 1790632377907428.5,
	"args": {
	"compile_id": "0/0"
	},
	"ph": "E",
	"cat": "dynamo_timed",
	"tid": 0,
	"pid": 0
	}
V0928 23:52:57.907000 363526 site-packages/torch/_dynamo/utils.py:2470] {"chromium_event": {}, "frame_id": 0, "frame_compile_id": 0, "attempt": 0, "has_payload": "971c762356ce65b68b4a0fe09438dbad"}
	{
	"name": "pass.post_grad_passes.move_constructors_to_cuda",
	"ts": 1790632377907490.2,
	"args": {
	"compile_id": "0/0"
	},
	"ph": "B",
	"cat": "dynamo_timed",
	"tid": 0,
	"pid": 0
	}
V0928 23:52:57.907000 363526 site-packages/torch/_dynamo/utils.py:2470] {"chromium_event": {}, "frame_id": 0, "frame_compile_id": 0, "attempt": 0, "has_payload": "ab4de36a56674bb0fbd90d1f309415d0"}
	{
	"name": "pass.post_grad_passes.move_constructors_to_cuda",
	"ts": 1790632377907586.5,
	"args": {
	"compile_id": "0/0"
	},
	"ph": "E",
	"cat": "dynamo_timed",
	"tid": 0,
	"pid": 0
	}
V0928 23:52:57.907000 363526 site-packages/torch/_dynamo/utils.py:2470] {"chromium_event": {}, "frame_id": 0, "frame_compile_id": 0, "attempt": 0, "has_payload": "ec50ac763a9658cf8d84ca6350bdf945"}
	{
	"name": "pass.post_grad_passes.slice_scatter_chunking",
	"ts": 1790632377907817.5,
	"args": {
	"compile_id": "0/0"
	},
	"ph": "B",
	"cat": "dynamo_timed",
	"tid": 0,
	"pid": 0
	}
V0928 23:52:57.907000 363526 site-packages/torch/_dynamo/utils.py:2470] {"chromium_event": {}, "frame_id": 0, "frame_compile_id": 0, "attempt": 0, "has_payload": "947d2dcbcbce473c1a3b61ac3c7a9950"}
	{
	"name": "pass.post_grad_passes.slice_scatter_chunking",
	"ts": 1790632377907917.2,
	"args": {
	"compile_id": "0/0"
	},
	"ph": "E",
	"cat": "dynamo_timed",
	"tid": 0,
	"pid": 0
	}
V0928 23:52:57.907000 363526 site-packages/torch/_dynamo/utils.py:2470] {"chromium_event": {}, "frame_id": 0, "frame_compile_id": 0, "attempt": 0, "has_payload": "3eb8620d2ef2c920ca7fd34bd5a3fd2f"}
	{
	"name": "pass.post_grad_passes.reinplace_inplaceable_ops",
	"ts": 1790632377907980.0,
	"args": {
	"compile_id": "0/0"
	},
	"ph": "B",
	"cat": "dynamo_timed",
	"tid": 0,
	"pid": 0
	}
V0928 23:52:57.908000 363526 site-packages/torch/_dynamo/utils.py:2470] {"chromium_event": {}, "frame_id": 0, "frame_compile_id": 0, "attempt": 0, "has_payload": "f1f9f6bc9d49f7d8b4642f2a6002cf80"}
	{
	"name": "pass.post_grad_passes.reinplace_inplaceable_ops",
	"ts": 1790632377908199.8,
	"args": {
	"compile_id": "0/0"
	},
	"ph": "E",
	"cat": "dynamo_timed",
	"tid": 0,
	"pid": 0
	}
V0928 23:52:57.908000 363526 site-packages/torch/_dynamo/utils.py:2470] {"chromium_event": {}, "frame_id": 0, "frame_compile_id": 0, "attempt": 0, "has_payload": "f5d65a424551868065d6aeb4ddbe9665"}
	{
	"name": "pass.post_grad_passes.fix_auto_functionalized_dtype_views",
	"ts": 1790632377908274.5,
	"args": {
	"compile_id": "0/0"
	},
	"ph": "B",
	"cat": "dynamo_timed",
	"tid": 0,
	"pid": 0
	}
V0928 23:52:57.908000 363526 site-packages/torch/_dynamo/utils.py:2470] {"chromium_event": {}, "frame_id": 0, "frame_compile_id": 0, "attempt": 0, "has_payload": "3834e3e697b9c32b1e0a55c08b514abb"}
	{
	"name": "pass.post_grad_passes.fix_auto_functionalized_dtype_views",
	"ts": 1790632377908328.0,
	"args": {
	"compile_id": "0/0"
	},
	"ph": "E",
	"cat": "dynamo_timed",
	"tid": 0,
	"pid": 0
	}
V0928 23:52:57.908000 363526 site-packages/torch/_dynamo/utils.py:2470] {"chromium_event": {}, "frame_id": 0, "frame_compile_id": 0, "attempt": 0, "has_payload": "c02082bd1d8c7488ed7167d616a7c19a"}
	{
	"name": "pass.post_grad_passes.decompose_triton_kernel_wrapper_functional",
	"ts": 1790632377908386.2,
	"args": {
	"compile_id": "0/0"
	},
	"ph": "B",
	"cat": "dynamo_timed",
	"tid": 0,
	"pid": 0
	}
V0928 23:52:57.908000 363526 site-packages/torch/_dynamo/utils.py:2470] {"chromium_event": {}, "frame_id": 0, "frame_compile_id": 0, "attempt": 0, "has_payload": "2ed7cc6e23e55faea967c1b08d12f2df"}
	{
	"name": "pass.post_grad_passes.decompose_triton_kernel_wrapper_functional",
	"ts": 1790632377908464.0,
	"args": {
	"compile_id": "0/0"
	},
	"ph": "E",
	"cat": "dynamo_timed",
	"tid": 0,
	"pid": 0
	}
V0928 23:52:57.908000 363526 site-packages/torch/_dynamo/utils.py:2470] {"chromium_event": {}, "frame_id": 0, "frame_compile_id": 0, "attempt": 0, "has_payload": "5f491407c313a416351c5e7f3c62b136"}
	{
	"name": "pass.post_grad_passes.decompose_auto_functionalized",
	"ts": 1790632377908522.0,
	"args": {
	"compile_id": "0/0"
	},
	"ph": "B",
	"cat": "dynamo_timed",
	"tid": 0,
	"pid": 0
	}
V0928 23:52:57.908000 363526 site-packages/torch/_dynamo/utils.py:2470] {"chromium_event": {}, "frame_id": 0, "frame_compile_id": 0, "attempt": 0, "has_payload": "a39b77ab5ae651285531544029a29f29"}
	{
	"name": "pass.post_grad_passes.decompose_auto_functionalized",
	"ts": 1790632377908608.5,
	"args": {
	"compile_id": "0/0"
	},
	"ph": "E",
	"cat": "dynamo_timed",
	"tid": 0,
	"pid": 0
	}
V0928 23:52:57.908000 363526 site-packages/torch/_dynamo/utils.py:2470] {"chromium_event": {}, "frame_id": 0, "frame_compile_id": 0, "attempt": 0, "has_payload": "025e3f376000d191cf4c5814536f0245"}
	{
	"name": "pass.post_grad_passes.decompose_scan_to_while_loop",
	"ts": 1790632377908668.5,
	"args": {
	"compile_id": "0/0"
	},
	"ph": "B",
	"cat": "dynamo_timed",
	"tid": 0,
	"pid": 0
	}
V0928 23:52:57.908000 363526 site-packages/torch/_dynamo/utils.py:2470] {"chromium_event": {}, "frame_id": 0, "frame_compile_id": 0, "attempt": 0, "has_payload": "0b8ad6154a668adff7953572f6f9b3fa"}
	{
	"name": "pass.post_grad_passes.decompose_scan_to_while_loop",
	"ts": 1790632377908735.0,
	"args": {
	"compile_id": "0/0"
	},
	"ph": "E",
	"cat": "dynamo_timed",
	"tid": 0,
	"pid": 0
	}
V0928 23:52:57.908000 363526 site-packages/torch/_dynamo/utils.py:2470] {"chromium_event": {}, "frame_id": 0, "frame_compile_id": 0, "attempt": 0, "has_payload": "752216b3bb2a6d64757472eef7fa15b3"}
	{
	"name": "pass.post_grad_passes.decompose_map_to_while_loop",
	"ts": 1790632377908795.5,
	"args": {
	"compile_id": "0/0"
	},
	"ph": "B",
	"cat": "dynamo_timed",
	"tid": 0,
	"pid": 0
	}
V0928 23:52:57.908000 363526 site-packages/torch/_dynamo/utils.py:2470] {"chromium_event": {}, "frame_id": 0, "frame_compile_id": 0, "attempt": 0, "has_payload": "381a29f7ad0d548bcf5a6094746456c8"}
	{
	"name": "pass.post_grad_passes.decompose_map_to_while_loop",
	"ts": 1790632377908862.5,
	"args": {
	"compile_id": "0/0"
	},
	"ph": "E",
	"cat": "dynamo_timed",
	"tid": 0,
	"pid": 0
	}
V0928 23:52:57.908000 363526 site-packages/torch/_dynamo/utils.py:2470] {"chromium_event": {}, "frame_id": 0, "frame_compile_id": 0, "attempt": 0, "has_payload": "e35b7748257236dcf9c197db1adaa48a"}
	{
	"name": "_recursive_post_grad_passes",
	"ts": 1790632377908918.5,
	"args": {
	"compile_id": "0/0"
	},
	"ph": "E",
	"cat": "dynamo_timed",
	"tid": 0,
	"pid": 0
	}
V0928 23:52:57.909000 363526 site-packages/torch/_inductor/compile_fx.py:1725] {"artifact": {"name": "inductor_post_grad_graph", "encoding": "string"}, "frame_id": 0, "frame_compile_id": 0, "attempt": 0, "has_payload": "58878765b1b589527d6b55bfcace556a"}
	class <lambda>(torch.nn.Module):
	    def forward(self, arg0_1: "f32[65537][1]cuda:0"):
	        # File: /home/arki/workspace/pytorch/agent_space/extern_kernel_out_unaligned.py:37 in fn, code: x = storage[1:]
	        slice_1: "f32[65536][1]cuda:0" = torch.ops.aten.slice.Tensor(arg0_1, 0, 1, 9223372036854775807);  arg0_1 = None
	
	        # File: /home/arki/workspace/pytorch/agent_space/extern_kernel_out_unaligned.py:38 in fn, code: y = torch.ops.alignment_demo.copy(x)  # Lowers to ExternKernelOut.
	        copy: "f32[65536][1]cuda:0" = torch.ops.alignment_demo.copy.default(slice_1);  slice_1 = None
	
	        # File: /home/arki/workspace/pytorch/agent_space/extern_kernel_out_unaligned.py:39 in fn, code: return y + 1  # Inductor generates the Triton consumer.
	        add: "f32[65536][1]cuda:0" = torch.ops.aten.add.Tensor(copy, 1);  copy = None
	        return (add,)
	
V0928 23:52:57.910000 363526 site-packages/torch/_dynamo/utils.py:2470] {"chromium_event": {}, "frame_id": 0, "frame_compile_id": 0, "attempt": 0, "has_payload": "364ad00982b51b48883c547ebf205d6c"}
	{
	"name": "GraphLowering.run",
	"ts": 1790632377910067.2,
	"args": {
	"compile_id": "0/0"
	},
	"ph": "B",
	"cat": "dynamo_timed",
	"tid": 0,
	"pid": 0
	}
V0928 23:52:57.915000 363526 site-packages/torch/_dynamo/utils.py:2470] {"chromium_event": {}, "frame_id": 0, "frame_compile_id": 0, "attempt": 0, "has_payload": "c58aea4f18d034e012252627c60950e3"}
	{
	"name": "GraphLowering.run",
	"ts": 1790632377915007.2,
	"args": {
	"compile_id": "0/0"
	},
	"ph": "E",
	"cat": "dynamo_timed",
	"tid": 0,
	"pid": 0
	}
V0928 23:52:57.915000 363526 site-packages/torch/_dynamo/utils.py:2470] {"chromium_event": {}, "frame_id": 0, "frame_compile_id": 0, "attempt": 0, "has_payload": "beae6570d4322a0ad70b57c8cbedf3fd"}
	{
	"name": "GraphLowering.compile_to_fn",
	"ts": 1790632377915141.5,
	"args": {
	"compile_id": "0/0"
	},
	"ph": "B",
	"cat": "dynamo_timed",
	"tid": 0,
	"pid": 0
	}
V0928 23:52:57.915000 363526 site-packages/torch/_dynamo/utils.py:2470] {"chromium_event": {}, "frame_id": 0, "frame_compile_id": 0, "attempt": 0, "has_payload": "c8634c237ed907acb025154754f13c8b"}
	{
	"name": "code_gen",
	"ts": 1790632377915212.8,
	"args": {
	"fn_name": "GraphLowering.compile_to_module",
	"compile_id": "0/0"
	},
	"ph": "B",
	"cat": "dynamo_timed",
	"tid": 0,
	"pid": 0
	}
V0928 23:52:57.915000 363526 site-packages/torch/_dynamo/utils.py:2470] {"chromium_event": {}, "frame_id": 0, "frame_compile_id": 0, "attempt": 0, "has_payload": "f44c0e155ee58664bb3344c2026e3e89"}
	{
	"name": "GraphLowering.codegen",
	"ts": 1790632377915266.5,
	"args": {
	"compile_id": "0/0"
	},
	"ph": "B",
	"cat": "dynamo_timed",
	"tid": 0,
	"pid": 0
	}
V0928 23:52:57.916000 363526 site-packages/torch/_dynamo/utils.py:2470] {"chromium_event": {}, "frame_id": 0, "frame_compile_id": 0, "attempt": 0, "has_payload": "4272c4c3d4c08e09af7b3af32e686d90"}
	{
	"name": "Scheduler.__init__",
	"ts": 1790632377916246.0,
	"args": {
	"compile_id": "0/0"
	},
	"ph": "B",
	"cat": "dynamo_timed",
	"tid": 0,
	"pid": 0
	}
V0928 23:52:57.931000 363526 site-packages/torch/_dynamo/utils.py:2470] {"chromium_event": {}, "frame_id": 0, "frame_compile_id": 0, "attempt": 0, "has_payload": "12ae3de9caf343d091b027d4e50ef1c8"}
	{
	"name": "Scheduler.fused_nodes",
	"ts": 1790632377931146.5,
	"args": {
	"compile_id": "0/0"
	},
	"ph": "B",
	"cat": "dynamo_timed",
	"tid": 0,
	"pid": 0
	}
V0928 23:52:57.931000 363526 site-packages/torch/_dynamo/utils.py:2470] {"chromium_event": {}, "frame_id": 0, "frame_compile_id": 0, "attempt": 0, "has_payload": "72fdb30ecac0f37e38a64dbc94e37785"}
	{
	"name": "Scheduler.fused_nodes",
	"ts": 1790632377931337.2,
	"args": {
	"compile_id": "0/0"
	},
	"ph": "E",
	"cat": "dynamo_timed",
	"tid": 0,
	"pid": 0
	}
V0928 23:52:57.932000 363526 site-packages/torch/_dynamo/utils.py:2470] {"chromium_event": {}, "frame_id": 0, "frame_compile_id": 0, "attempt": 0, "has_payload": "5d754251d7b8765e721b3e553af634ee"}
	{
	"name": "Scheduler.simple_overlap",
	"ts": 1790632377932153.0,
	"args": {
	"compile_id": "0/0"
	},
	"ph": "B",
	"cat": "dynamo_timed",
	"tid": 0,
	"pid": 0
	}
V0928 23:52:57.932000 363526 site-packages/torch/_dynamo/utils.py:2470] {"chromium_event": {}, "frame_id": 0, "frame_compile_id": 0, "attempt": 0, "has_payload": "39d20d39ed24cefc6d573bb0c848b17b"}
	{
	"name": "Scheduler.simple_overlap",
	"ts": 1790632377932259.8,
	"args": {
	"compile_id": "0/0"
	},
	"ph": "E",
	"cat": "dynamo_timed",
	"tid": 0,
	"pid": 0
	}
V0928 23:52:57.932000 363526 site-packages/torch/_dynamo/utils.py:2470] {"chromium_event": {}, "frame_id": 0, "frame_compile_id": 0, "attempt": 0, "has_payload": "4943f1cc8968ce4c63b3dc8a98fceeed"}
	{
	"name": "Scheduler.__init__",
	"ts": 1790632377932917.5,
	"args": {
	"compile_id": "0/0"
	},
	"ph": "E",
	"cat": "dynamo_timed",
	"tid": 0,
	"pid": 0
	}
V0928 23:52:57.933000 363526 site-packages/torch/_dynamo/utils.py:2470] {"chromium_event": {}, "frame_id": 0, "frame_compile_id": 0, "attempt": 0, "has_payload": "3d13a39e74cd44e0509e30e40b03389e"}
	{
	"name": "Scheduler.codegen",
	"ts": 1790632377933019.2,
	"args": {
	"compile_id": "0/0"
	},
	"ph": "B",
	"cat": "dynamo_timed",
	"tid": 0,
	"pid": 0
	}
V0928 23:52:58.420000 363526 site-packages/torch/_dynamo/utils.py:2470] {"chromium_event": {}, "frame_id": 0, "frame_compile_id": 0, "attempt": 0, "has_payload": "f3925a3277201eb68ec57a7e507fea60"}
	{
	"name": "Scheduler.codegen",
	"ts": 1790632378420160.0,
	"args": {
	"compile_id": "0/0"
	},
	"ph": "E",
	"cat": "dynamo_timed",
	"tid": 0,
	"pid": 0
	}
V0928 23:52:58.420000 363526 site-packages/torch/_dynamo/utils.py:2470] {"chromium_event": {}, "frame_id": 0, "frame_compile_id": 0, "attempt": 0, "has_payload": "365c6fbce0ca448456d57784f3f4ab77"}
	{
	"name": "PythonWrapperCodegen.generate",
	"ts": 1790632378420370.2,
	"args": {
	"compile_id": "0/0"
	},
	"ph": "B",
	"cat": "dynamo_timed",
	"tid": 0,
	"pid": 0
	}
V0928 23:52:58.421000 363526 site-packages/torch/_dynamo/utils.py:2470] {"chromium_event": {}, "frame_id": 0, "frame_compile_id": 0, "attempt": 0, "has_payload": "04ffbbf64dd8b08be31c40a5b65eebfc"}
	{
	"name": "PythonWrapperCodegen.generate",
	"ts": 1790632378421365.8,
	"args": {
	"compile_id": "0/0"
	},
	"ph": "E",
	"cat": "dynamo_timed",
	"tid": 0,
	"pid": 0
	}
V0928 23:52:58.421000 363526 site-packages/torch/_dynamo/utils.py:2470] {"chromium_event": {}, "frame_id": 0, "frame_compile_id": 0, "attempt": 0, "has_payload": "af2a4f8a7ff4c1789ca429ff2bbb1abc"}
	{
	"name": "GraphLowering.codegen",
	"ts": 1790632378421461.0,
	"args": {
	"compile_id": "0/0"
	},
	"ph": "E",
	"cat": "dynamo_timed",
	"tid": 0,
	"pid": 0
	}
V0928 23:52:58.422000 363526 site-packages/torch/_inductor/graph.py:3156] {"inductor_output_code": {"filename": "/tmp/torchinductor_arki/tmpwqjwaw2j/di/cdiownlllxtrhkswchuwsszotnfvvgvylputt6an7v47omzfkv2q.py", "file_path": "/tmp/torchinductor_arki/tmpwqjwaw2j/di/cdiownlllxtrhkswchuwsszotnfvvgvylputt6an7v47omzfkv2q.py"}, "frame_id": 0, "frame_compile_id": 0, "attempt": 0, "has_payload": "937e324a9534b0ff4e69451494abbdd4"}
	# AOT ID: ['0_inference']
	from ctypes import c_void_p, c_long, c_int
	import torch
	import math
	import random
	import os
	import tempfile
	from math import inf, nan
	from cmath import nanj
	from torch._inductor.hooks import run_intermediate_hooks
	from torch._inductor.utils import maybe_profile
	from torch._inductor.codegen.memory_planning import _align as align
	from torch import device, empty_strided
	from torch._inductor.async_compile import AsyncCompile
	from torch._inductor.select_algorithm import extern_kernels
	from torch._C._dynamo.guards import copy_if_misaligned
	import triton
	import triton.language as tl
	from torch._inductor.runtime.triton_heuristics import start_graph, end_graph
	from torch._C import _cuda_getCurrentRawStream as get_raw_stream
	
	aten = torch.ops.aten
	inductor_ops = torch.ops.inductor
	_quantized = torch.ops._quantized
	assert_size_stride = torch._C._dynamo.guards.assert_size_stride
	assert_size_stride_grouped = torch._C._dynamo.guards.assert_size_stride_grouped
	assert_alignment = torch._C._dynamo.guards.assert_alignment
	empty_strided_cpu = torch._C._dynamo.guards._empty_strided_cpu
	empty_strided_cpu_pinned = torch._C._dynamo.guards._empty_strided_cpu_pinned
	empty_strided_cuda = torch._C._dynamo.guards._empty_strided_cuda
	empty_strided_xpu = torch._C._dynamo.guards._empty_strided_xpu
	empty_strided_mtia = torch._C._dynamo.guards._empty_strided_mtia
	reinterpret_tensor = torch._C._dynamo.guards._reinterpret_tensor
	alloc_from_pool = torch.ops.inductor._alloc_from_pool
	async_compile = AsyncCompile()
	empty_strided_p2p = torch._C._distributed_c10d._SymmetricMemory.empty_strided_p2p
	
	
	# kernel path: /tmp/torchinductor_arki/tmpwqjwaw2j/5v/c5vt7jkkkeftloj3yzfstibebvw5h445uyfmsf7avyyhhz7vp7io.py
	# Topologically Sorted Source Nodes: [add], Original ATen: [aten.add]
	# Source node to ATen node mapping:
	#   add => add
	# Graph fragment:
	#   %copy : Tensor "f32[65536][1]cuda:0" = PlaceHolder[target=copy]
	#   %add : Tensor "f32[65536][1]cuda:0"[num_users=1] = call_function[target=torch.ops.aten.add.Tensor](args = (%copy, 1), kwargs = {})
	#   return %add
	triton_poi_fused_add_0 = async_compile.triton('triton_poi_fused_add_0', '''
	import triton
	import triton.language as tl
	
	from torch._inductor.runtime import triton_helpers, triton_heuristics
	from torch._inductor.runtime.triton_helpers import libdevice, math as tl_math
	from torch._inductor.runtime.hints import AutotuneHint, ReductionHint, TileHint, DeviceProperties
	triton_helpers.set_driver_to_gpu()
	
	@triton_heuristics.pointwise(
	    size_hints={'x': 65536}, 
	    filename=__file__,
	    triton_meta={'signature': {'in_out_ptr0': '*fp32', 'xnumel': 'i32', 'XBLOCK': 'constexpr'}, 'device': DeviceProperties(type='cuda', index=0, multi_processor_count=70, cc=120, major=12, regs_per_multiprocessor=65536, max_threads_per_multi_processor=1536, max_threads_per_block=1024, warp_size=32), 'constants': {}, 'native_matmul': False, 'enable_fp_fusion': True, 'launch_pdl': False, 'disable_ftz': False, 'configs': [{(1,): [['tt.divisibility', 16]]}]},
	    inductor_meta={'grid_type': 'Grid1D', 'kernel_name': 'triton_poi_fused_add_0', 'mutated_arg_names': ['in_out_ptr0'], 'optimize_mem': True, 'no_x_dim': False, 'atomic_add_found': False, 'num_load': 1, 'num_store': 1, 'num_reduction': 0, 'autotune_hints': (), 'tiling_scores': {'x': 786432}, 'backend_hash': '37E03E03BDB5B6979027847D43F3767D1ADC48BDF44890886391EB417216F769', 'assert_indirect_indexing': True, 'autotune_local_cache': True, 'autotune_pointwise': True, 'autotune_remote_cache': None, 'force_disable_caches': True, 'dynamic_scale_rblock': True, 'incremental_autotune': False, 'max_autotune': False, 'max_autotune_pointwise': False, 'min_split_scan_rblock': 256, 'spill_threshold': 16, 'store_cubin': False, 'deterministic': False, 'batch_invariant': False, 'force_filter_reduction_configs': False, 'mix_order_reduction_allow_multi_stages': True, 'dynamic_disable_pipelining': True, 'are_deterministic_algorithms_enabled': False},
	    min_elem_per_thread=0
	)
	@triton.jit
	def triton_poi_fused_add_0(in_out_ptr0, xnumel, XBLOCK : tl.constexpr):
	    xnumel = 65536
	    xoffset = tl.program_id(0) * XBLOCK
	    xindex = xoffset + tl.arange(0, XBLOCK)[:]
	    xmask = tl.full([XBLOCK], True, tl.int1)[:]
	    x0 = xindex
	    tmp0 = tl.load(in_out_ptr0 + (x0), None)
	    tmp1 = tl.full([1], 1.0, tl.float32)
	    tmp2 = tmp0 + tmp1
	    tl.store(in_out_ptr0 + (x0), tmp2, None)
	''', device_str='cuda')
	
	
	async_compile.wait(globals())
	del async_compile
	
	class Runner:
	    def __init__(self, partitions):
	        self.partitions = partitions
	
	    def recursively_apply_fns(self, fns):
	        new_callables = []
	        for fn, c in zip(fns, self.partitions):
	            new_callables.append(fn(c))
	        self.partitions = new_callables
	
	    def call(self, args):
	        arg0_1, = args
	        args.clear()
	        assert_size_stride(arg0_1, (65537, ), (1, ), 'input')
	        with torch.cuda._DeviceGuard(0):
	            torch.cuda.set_device(0)
	            arg0_1 = copy_if_misaligned(arg0_1)
	            buf0 = empty_strided_cuda((65536, ), (1, ), torch.float32)
	            # Topologically Sorted Source Nodes: [x, y], Original ATen: [aten.slice, alignment_demo.copy]
	            # [Provenance debug handles] torch.ops.alignment_demo.copy.out:1
	            torch.ops.alignment_demo.copy.out(reinterpret_tensor(arg0_1, (65536, ), (1, ), 1), out=buf0)
	            del arg0_1
	            buf1 = buf0; del buf0  # reuse
	            # Topologically Sorted Source Nodes: [add], Original ATen: [aten.add]
	            # [Provenance debug handles] triton_poi_fused_add_0:2
	            raw_stream0 = get_raw_stream(0)
	            triton_poi_fused_add_0.run(buf1, 65536, stream=raw_stream0)
	        return (buf1, )
	
	runner = Runner(partitions=[])
	call = runner.call
	recursively_apply_fns = runner.recursively_apply_fns
	
	
	def get_args():
	    from torch._dynamo.testing import rand_strided
	    arg0_1 = rand_strided((65537, ), (1, ), device='cuda:0', dtype=torch.float32)
	    return [arg0_1]
	
	
	def benchmark_compiled_module(args, times=10, repeat=10):
	    from torch._inductor.utils import print_performance
	    fn = lambda: call(list(args))
	    return print_performance(fn, times=times, repeat=repeat, device='cuda')
	
	
	if __name__ == "__main__":
	    from torch._inductor.wrapper_benchmark import compiled_module_main
	    args = get_args()
	    compiled_module_main('None', lambda times, repeat: benchmark_compiled_module(args, times=times, repeat=repeat))
	
V0928 23:52:58.422000 363526 site-packages/torch/_dynamo/utils.py:2470] {"chromium_event": {}, "frame_id": 0, "frame_compile_id": 0, "attempt": 0, "has_payload": "110c9f7ffd2a9042d8396fe56b9aa917"}
	{
	"name": "PyCodeCache.load_by_key_path",
	"ts": 1790632378422323.8,
	"args": {
	"compile_id": "0/0"
	},
	"ph": "B",
	"cat": "dynamo_timed",
	"tid": 0,
	"pid": 0
	}
V0928 23:52:58.424000 363526 site-packages/torch/_dynamo/utils.py:2470] {"chromium_event": {}, "frame_id": 0, "frame_compile_id": 0, "attempt": 0, "has_payload": "a67beb294ad7f483ec6262bd0aa2582f"}
	{
	"name": "async_compile.precompile",
	"ts": 1790632378424719.8,
	"args": {
	"compile_id": "0/0"
	},
	"ph": "B",
	"cat": "dynamo_timed",
	"tid": 0,
	"pid": 0
	}
V0928 23:52:58.900000 363526 site-packages/torch/_dynamo/utils.py:2470] {"chromium_event": {}, "frame_id": 0, "frame_compile_id": 0, "attempt": 0, "has_payload": "8c9ea3c7c515a05a410aa00b60687022"}
	{
	"name": "async_compile.precompile",
	"ts": 1790632378900445.2,
	"args": {
	"compile_id": "0/0"
	},
	"ph": "E",
	"cat": "dynamo_timed",
	"tid": 0,
	"pid": 0
	}
V0928 23:52:58.900000 363526 site-packages/torch/_dynamo/utils.py:2470] {"chromium_event": {}, "frame_id": 0, "frame_compile_id": 0, "attempt": 0, "has_payload": "7aed71a0ed589a74450f4f656979991e"}
	{
	"name": "async_compile.wait",
	"ts": 1790632378900755.5,
	"args": {
	"compile_id": "0/0"
	},
	"ph": "B",
	"cat": "dynamo_timed",
	"tid": 0,
	"pid": 0
	}
V0928 23:52:58.900000 363526 site-packages/torch/_dynamo/utils.py:2470] {"chromium_event": {}, "frame_id": 0, "frame_compile_id": 0, "attempt": 0, "has_payload": "9d523e922027d8692c46fd0eec2c339a"}
	{
	"name": "async_compile.wait",
	"ts": 1790632378900947.0,
	"args": {
	"compile_id": "0/0"
	},
	"ph": "E",
	"cat": "dynamo_timed",
	"tid": 0,
	"pid": 0
	}
V0928 23:52:58.901000 363526 site-packages/torch/_inductor/async_compile.py:139] {"artifact": {"name": "triton_kernel_info", "encoding": "json"}, "frame_id": 0, "frame_compile_id": 0, "attempt": 0, "has_payload": "4789797bf4d59301591723eca12cfc94"}
	{"triton_poi_fused_add_0": {"autotune_cache_state": "force_disabled", "compile_time_us": 475571}}
V0928 23:52:58.901000 363526 site-packages/torch/_dynamo/utils.py:2470] {"chromium_event": {}, "frame_id": 0, "frame_compile_id": 0, "attempt": 0, "has_payload": "99b57fc14ace625b590f732473f75546"}
	{
	"name": "PyCodeCache.load_by_key_path",
	"ts": 1790632378901153.8,
	"args": {
	"compile_id": "0/0"
	},
	"ph": "E",
	"cat": "dynamo_timed",
	"tid": 0,
	"pid": 0
	}
V0928 23:52:58.902000 363526 site-packages/torch/_dynamo/utils.py:2470] {"chromium_event": {}, "frame_id": 0, "frame_compile_id": 0, "attempt": 0, "has_payload": "480f0b2c22ebc22405b764c6d9988e87"}
	{
	"name": "code_gen",
	"ts": 1790632378901980.8,
	"args": {
	"fn_name": "GraphLowering.compile_to_module",
	"compile_id": "0/0"
	},
	"ph": "E",
	"cat": "dynamo_timed",
	"tid": 0,
	"pid": 0
	}
V0928 23:52:58.902000 363526 site-packages/torch/_dynamo/utils.py:2470] {"chromium_event": {}, "frame_id": 0, "frame_compile_id": 0, "attempt": 0, "has_payload": "f3397fde3ff7ee15c20a0c07043bc9d1"}
	{
	"name": "GraphLowering.compile_to_fn",
	"ts": 1790632378902054.0,
	"args": {
	"compile_id": "0/0"
	},
	"ph": "E",
	"cat": "dynamo_timed",
	"tid": 0,
	"pid": 0
	}
V0928 23:52:58.902000 363526 site-packages/torch/_inductor/compile_fx.py:1950] {"artifact": {"name": "inductor_provenance_tracking_node_mappings", "encoding": "json"}, "frame_id": 0, "frame_compile_id": 0, "attempt": 0, "has_payload": "79752dfa22b1a783040b3e6dcff7b596"}
	{"preToPost": {"x": ["slice_1"], "y": ["copy"], "add": ["add"]}, "postToPre": {"slice_1": ["x"], "copy": ["y"], "add": ["add"]}, "cppCodeToPost": {"torch.ops.alignment_demo.copy.out:1": ["copy"], "triton_poi_fused_add_0:2": ["add"]}, "postToCppCode": {"copy": ["torch.ops.alignment_demo.copy.out:1"], "add": ["triton_poi_fused_add_0:2"]}, "version": 2.0}
V0928 23:52:58.902000 363526 site-packages/torch/_inductor/compile_fx.py:1958] {"artifact": {"name": "inductor_provenance_tracking_kernel_stack_traces", "encoding": "json"}, "frame_id": 0, "frame_compile_id": 0, "attempt": 0, "has_payload": "0698a1ef4e1a35bfe07574aeed7e5413"}
	{"torch.ops.alignment_demo.copy.out:1": ["  File \"/home/arki/workspace/pytorch/agent_space/extern_kernel_out_unaligned.py\", line 38, in fn\n    y = torch.ops.alignment_demo.copy(x)  # Lowers to ExternKernelOut.\n"], "triton_poi_fused_add_0:2": ["  File \"/home/arki/workspace/pytorch/agent_space/extern_kernel_out_unaligned.py\", line 39, in fn\n    return y + 1  # Inductor generates the Triton consumer.\n"]}
V0928 23:52:58.902000 363526 site-packages/torch/_dynamo/utils.py:2509] {"chromium_event": {}, "frame_id": 0, "frame_compile_id": 0, "attempt": 0, "has_payload": "f2335298180d00c522dbad583e38ee4f"}
	{
	"name": "fx_graph_cache_disabled",
	"ts": 1790632377890698.8,
	"args": {
	"compile_id": "0/0"
	},
	"ph": "i",
	"cat": "dynamo_timed",
	"tid": 0,
	"pid": 0,
	"s": "p"
	}
V0928 23:52:58.902000 363526 site-packages/torch/_dynamo/utils.py:2470] {"chromium_event": {}, "frame_id": 0, "frame_compile_id": 0, "attempt": 0, "has_payload": "bee4fec51324f22dfde6ebdb301a364e"}
	{
	"name": "fx_codegen_and_compile",
	"ts": 1790632378902667.2,
	"args": {
	"compile_id": "0/0"
	},
	"ph": "E",
	"cat": "dynamo_timed",
	"tid": 0,
	"pid": 0
	}
V0928 23:52:58.902000 363526 site-packages/torch/_dynamo/utils.py:2470] {"chromium_event": {}, "frame_id": 0, "frame_compile_id": 0, "attempt": 0, "has_payload": "89b41edcb473901d9f3f5981bc19c81c"}
	{
	"name": "inductor_compile",
	"ts": 1790632378902922.8,
	"args": {
	"fn_name": "compile_fx_inner",
	"compile_id": "0/0",
	"is_backward": false,
	"cache_state": "disabled",
	"cache_event_time": 1790632377890698828,
	"key": null,
	"components": null,
	"cache_bypass_reason": "cache not enabled",
	"remote_cache_enabled": false,
	"local_cache_enabled": true
	},
	"ph": "E",
	"cat": "dynamo_timed",
	"tid": 0,
	"pid": 0
	}
V0928 23:52:58.903000 363526 site-packages/torch/_dynamo/utils.py:2470] {"chromium_event": {}, "frame_id": 0, "frame_compile_id": 0, "attempt": 0, "has_payload": "80b155fdcc21820aff02f334573a97a5"}
	{
	"name": "compile_fx.<locals>.fw_compiler_base",
	"ts": 1790632378903008.2,
	"args": {
	"compile_id": "0/0"
	},
	"ph": "E",
	"cat": "dynamo_timed",
	"tid": 0,
	"pid": 0
	}
V0928 23:52:58.903000 363526 site-packages/torch/_functorch/_aot_autograd/codegen.py:131] {"artifact": {"name": "aot_autograd_runtime_wrappers", "encoding": "string"}, "frame_id": 0, "frame_compile_id": 0, "attempt": 0, "has_payload": "3f5753952a5a5a3716899f2881169ee7"}
	# runtime_wrapper_orchestration
	def _runtime_wrapper(_compiled_fn_, _first_ctx_, _on_before_call_, args):
	    orig_inputs = {}
	    with _first_ctx_():
	        grad_enabled = torch.is_grad_enabled()
	        try:
	            if grad_enabled: torch._C._set_grad_enabled(False)
	            _on_before_call_()
	            all_outs = _compiled_fn_(args)
	            if isinstance(all_outs, tuple):
	                all_outs = list(all_outs)
	            elif not isinstance(all_outs, list):
	                all_outs = [all_outs]
	        finally:
	            if grad_enabled: torch._C._set_grad_enabled(True)
	    del args
	    if len(all_outs) != 1:
	        raise AssertionError(f"expected 1 outputs, got {len(all_outs)}")
	    fw_outs = all_outs
	    ret_outs = fw_outs
	    return ret_outs
V0928 23:52:58.904000 363526 site-packages/torch/_dynamo/utils.py:2470] {"chromium_event": {}, "frame_id": 0, "frame_compile_id": 0, "attempt": 0, "has_payload": "83067e31c208df685e5dfdf4422b9261"}
	{
	"name": "create_aot_dispatcher_function",
	"ts": 1790632378904804.8,
	"args": {
	"compile_id": "0/0"
	},
	"ph": "E",
	"cat": "dynamo_timed",
	"tid": 0,
	"pid": 0
	}
V0928 23:52:58.905000 363526 site-packages/torch/_dynamo/utils.py:2470] {"chromium_event": {}, "frame_id": 0, "frame_compile_id": 0, "attempt": 0, "has_payload": "b24770a30ee06e74736bed1721607f07"}
	{
	"name": "backend_compile",
	"ts": 1790632378905061.2,
	"args": {
	"fn_name": "OutputGraph.call_user_compiler",
	"compile_id": "0/0",
	"requires_subclass_dispatch": false,
	"dispatch_mode": "inference"
	},
	"ph": "E",
	"cat": "dynamo_timed",
	"tid": 0,
	"pid": 0
	}
V0928 23:52:58.906000 363526 site-packages/torch/_dynamo/utils.py:2470] {"chromium_event": {}, "frame_id": 0, "frame_compile_id": 0, "attempt": 0, "has_payload": "6db8445d0cedc1226537c6c511716fe8"}
	{
	"name": "compile_attempt_0",
	"ts": 1790632378906019.0,
	"args": {
	"compile_id": "0/0"
	},
	"ph": "E",
	"cat": "dynamo_timed",
	"tid": 0,
	"pid": 0
	}
V0928 23:52:58.906000 363526 site-packages/torch/_dynamo/utils.py:2470] {"chromium_event": {}, "frame_id": 0, "frame_compile_id": 0, "attempt": 0, "has_payload": "c268627f82bf7dad85c42105f7eb9266"}
	{
	"name": "build_guards",
	"ts": 1790632378906127.5,
	"args": {
	"compile_id": "0/0"
	},
	"ph": "B",
	"cat": "dynamo_timed",
	"tid": 0,
	"pid": 0
	}
V0928 23:52:58.913000 363526 site-packages/torch/_dynamo/guards.py:5249] {"dynamo_cpp_guards_str": {}, "frame_id": 0, "frame_compile_id": 0, "attempt": 0, "has_payload": "e12379489801ff3b2655d8fac24649f4"}
	
	TREE_GUARD_MANAGER:
	+- RootGuardManager
	| +- LAMBDA_GUARD: torch._functorch.aot_autograd.utils.top_saved_tensors_hooks ids == None  # _dynamo/output_graph.py:1212 in init_ambient_guards
	| +- GLOBAL_STATE: ___check_global_state() against {"allow_bf16_reduce":0,"allow_fp16_reduce":0,"allow_tf32":false,"autocast_state":{"cached_enabled":true,"dtype":[15,5,5,15,5,5,15,15,5,5],"enabled":[false,false,false,false,false,false,false,false,false,false]},"cuda_matmul_precision":0,"default_dtype":6,"deterministic_algorithms":false,"deterministic_algorithms_warn_only":false,"grad_mode":true,"num_threads":8,"torch_function":true,"torch_function_all_disabled":false}
	| +- TORCH_FUNCTION_MODE_STACK: ___check_torch_function_mode_stack()
	| +- DEFAULT_DEVICE: utils_device.CURRENT_DEVICE == None                           # _dynamo/output_graph.py:1199 in init_ambient_guards
	| +- GuardManager: source=L['storage'], accessed_by=FrameLocalsGuardAccessor(key='storage', framelocals_idx=0), type=<class 'torch.Tensor'>, tag_safe=(False, False)
	| | +- TENSOR_MATCH: check_tensor(L['storage'], Tensor, DispatchKeySet(CUDA, BackendSelect, ADInplaceOrView, AutogradCUDA), torch.float32, device=0, requires_grad=False, size=[65537], stride=[1])  # x = storage[1:]  # workspace/pytorch/agent_space/extern_kernel_out_unaligned.py:37 in fn
	| | +- DIMENSION_DYNAMIC_MARKING_GUARD: hasattr(L['storage'], '_dynamo_dynamic_indices') == False     # x = storage[1:]  # workspace/pytorch/agent_space/extern_kernel_out_unaligned.py:37 in fn
	| | +- DIMENSION_DYNAMIC_MARKING_GUARD: hasattr(L['storage'], '_dynamo_weak_dynamic_indices') == False  # x = storage[1:]  # workspace/pytorch/agent_space/extern_kernel_out_unaligned.py:37 in fn
	| | +- DIMENSION_DYNAMIC_MARKING_GUARD: hasattr(L['storage'], '_dynamo_unbacked_indices') == False    # x = storage[1:]  # workspace/pytorch/agent_space/extern_kernel_out_unaligned.py:37 in fn
	| | +- DIMENSION_DYNAMIC_MARKING_GUARD: hasattr(L['storage'], '_dynamo_strict_unbacked_indices') == False  # x = storage[1:]  # workspace/pytorch/agent_space/extern_kernel_out_unaligned.py:37 in fn
	| | +- DIMENSION_DYNAMIC_MARKING_GUARD: hasattr(L['storage'], '_dynamo_static_indices') == False      # x = storage[1:]  # workspace/pytorch/agent_space/extern_kernel_out_unaligned.py:37 in fn
	| +- GuardManager: source=G, accessed_by=GlobalsGuardAccessor, type=<class 'dict'>, tag_safe=(False, False)
	| | +- GuardManager: source=G['torch'], accessed_by=DictGetItemGuardAccessor('torch'), type=<class 'module'>, tag_safe=(False, False)
	| | | +- ID_MATCH: ___check_obj_id(G['torch'], 131698891788576), type=<class 'module'>  # y = torch.ops.alignment_demo.copy(x)  # Lowers to ExternKernelOut.  # workspace/pytorch/agent_space/extern_kernel_out_unaligned.py:38 in fn
	| | | +- GuardManager: source=G['torch'].ops, accessed_by=GetAttrGuardAccessor(ops), type=<class 'torch._ops._Ops'>, tag_safe=(False, False)
	| | | | +- ID_MATCH: ___check_obj_id(G['torch'].ops, 131693373337136), type=<class 'torch._ops._Ops'>  # y = torch.ops.alignment_demo.copy(x)  # Lowers to ExternKernelOut.  # workspace/pytorch/agent_space/extern_kernel_out_unaligned.py:38 in fn
	| | | | +- GuardManager: source=G['torch'].ops.alignment_demo, accessed_by=GetAttrGuardAccessor(alignment_demo), type=<class 'torch._ops._OpNamespace'>, tag_safe=(False, False)
	| | | | | +- ID_MATCH: ___check_obj_id(G['torch'].ops.alignment_demo, 131698892015792), type=<class 'torch._ops._OpNamespace'>  # y = torch.ops.alignment_demo.copy(x)  # Lowers to ExternKernelOut.  # workspace/pytorch/agent_space/extern_kernel_out_unaligned.py:38 in fn
	| | | | | +- GuardManager: source=G['torch'].ops.alignment_demo.copy, accessed_by=GetAttrGuardAccessor(copy), type=<class 'torch._ops.OpOverloadPacket'>, tag_safe=(False, False)
	| | | | | | +- ID_MATCH: ___check_obj_id(G['torch'].ops.alignment_demo.copy, 131698891848720), type=<class 'torch._ops.OpOverloadPacket'>  # y = torch.ops.alignment_demo.copy(x)  # Lowers to ExternKernelOut.  # workspace/pytorch/agent_space/extern_kernel_out_unaligned.py:38 in fn
	
	Guard latency = 13.06 us
V0928 23:52:58.913000 363526 site-packages/torch/_dynamo/utils.py:2470] {"chromium_event": {}, "frame_id": 0, "frame_compile_id": 0, "attempt": 0, "has_payload": "d6fad269fae58849fd3d7a33de8faf17"}
	{
	"name": "build_guards",
	"ts": 1790632378913438.8,
	"args": {
	"compile_id": "0/0"
	},
	"ph": "E",
	"cat": "dynamo_timed",
	"tid": 0,
	"pid": 0
	}
V0928 23:52:59.065000 363526 site-packages/torch/_dynamo/utils.py:2470] {"chromium_event": {}, "frame_id": 0, "frame_compile_id": 0, "attempt": 0, "has_payload": "50d0baec97146550e056e07d8b447577"}
	{
	"name": "gc",
	"ts": 1790632379065303.0,
	"args": {
	"compile_id": "0/0"
	},
	"ph": "B",
	"cat": "dynamo_timed",
	"tid": 0,
	"pid": 0
	}
V0928 23:52:59.065000 363526 site-packages/torch/_dynamo/utils.py:2470] {"chromium_event": {}, "frame_id": 0, "frame_compile_id": 0, "attempt": 0, "has_payload": "02e8396edaaf1e403024f8735d42b088"}
	{
	"name": "gc",
	"ts": 1790632379065512.0,
	"args": {
	"compile_id": "0/0"
	},
	"ph": "E",
	"cat": "dynamo_timed",
	"tid": 0,
	"pid": 0
	}
V0928 23:52:59.065000 363526 site-packages/torch/_dynamo/utils.py:2470] {"chromium_event": {}, "frame_id": 0, "frame_compile_id": 0, "attempt": 0, "has_payload": "c081401ecc980a74d7058270a49ad1df"}
	{
	"name": "entire_frame_compile",
	"ts": 1790632379065697.0,
	"args": {
	"fn_name": "_compile.compile_inner",
	"compile_id": "0/0"
	},
	"ph": "E",
	"cat": "dynamo_timed",
	"tid": 0,
	"pid": 0
	}
V0928 23:52:59.066000 363526 site-packages/torch/_dynamo/utils.py:2129] {"compilation_metrics": {"compile_id": "0/0", "frame_key": "1", "co_name": "fn", "co_filename": "/home/arki/workspace/pytorch/agent_space/extern_kernel_out_unaligned.py", "co_firstlineno": 34, "cache_size": 0, "accumulated_cache_size": 0, "guard_count": 12, "shape_env_guard_count": 0, "graph_op_count": 3, "graph_node_count": 5, "graph_input_count": 1, "start_time": 1790632377.335214, "entire_frame_compile_time_s": 1.730477, "backend_compile_time_s": 1.54051, "inductor_compile_time_s": 1.01289, "code_gen_time_s": 0.986767, "fail_type": null, "fail_reason": null, "fail_user_frame_filename": null, "fail_user_frame_lineno": null, "non_compliant_ops": ["alignment_demo::copy"], "compliant_custom_ops": [], "restart_reasons": [], "dynamo_time_before_restart_s": 0.0, "stack_trace": ["Line: 34, Name: fn, Filename: /home/arki/workspace/pytorch/agent_space/extern_kernel_out_unaligned.py"], "exception_stack_trace": null, "graph_node_shapes": "{'l_storage_': [65537], 'x': [65536], 'y': [65536], 'add': [65536]}", "has_guarded_code": true, "remote_cache_time_saved_s": null, "structured_logging_overhead_s": 0.015023, "config_suppress_errors": false, "config_inline_inbuilt_nn_modules": true, "specialize_float": false, "dynamo_config": "{\"_autograd_backward_strict_mode_conditional_banned_ops\": [\"stride\", \"storage_offset\", \"is_contiguous\"], \"_dynamic_shapes_spec\": null, \"_unsafe_skip_fsdp_module_guards\": false, \"accumulated_recompile_limit\": 256, \"allow_empty_graphs\": false, \"allow_ignore_mark_dynamic\": false, \"allow_rnn\": false, \"allow_unspec_int_on_nn_module\": false, \"allowed_functions_module_string_ignorelist\": [\"torch._decomp\", \"torch._prims\", \"torch._refs\", \"torch.distributions\", \"torch.testing\"], \"assume_dunder_attributes_remain_unchanged\": true, \"assume_static_by_default\": true, \"automatic_dynamic_exclusion_guard\": false, \"automatic_dynamic_local_pgo\": true, \"automatic_dynamic_remote_pgo\": null, \"automatic_dynamic_shapes\": true, \"automatic_dynamic_shapes_mark_as\": \"dynamic\", \"caching_precompile\": false, \"canonicalize_output_graph_node_order\": false, \"capture_autograd_function\": true, \"capture_dynamic_output_shape_ops\": false, \"capture_func_transforms\": true, \"capture_profiler_record_function\": false, \"capture_scalar_outputs\": false, \"capture_sparse_compute\": true, \"compiled_autograd\": false, \"compiled_autograd_kwargs_override\": {}, \"computed_lazy_constant_max_nodes\": 64, \"constant_fold_autograd_profiler_enabled\": false, \"cprofile\": false, \"cudagraph_backend_keep_input_mutation\": false, \"cudagraph_backend_support_input_mutation\": false, \"dead_code_elimination\": null, \"debug_backend_override\": \"\", \"debug_disable_compile_counter\": false, \"debug_dynamo_config_override\": \"\", \"debug_force_graph_break_on_leaf_return\": false, \"debug_force_nested_calls\": false, \"debug_inductor_config_override\": \"\", \"disable\": false, \"do_not_emit_runtime_asserts\": false, \"dont_skip_tracing\": false, \"dynamic_shapes\": true, \"dynamo_profiler\": false, \"enable_aot_compile\": true, \"enable_compiler_collectives\": false, \"enable_cpp_framelocals_guard_eval\": true, \"enable_cpp_guard_manager\": true, \"enable_cpp_symbolic_shape_guards\": false, \"enable_dynamo_decompositions\": true, \"enable_faithful_generator_behavior\": true, \"enable_invoke_subgraph_regional_compile\": false, \"enable_p2p_compilation\": false, \"enable_trace_contextlib\": true, \"enable_trace_load_build_class\": false, \"enable_trace_unittest\": false, \"error_on_dynamo_callback_in_fullgraph_compiled_code\": false, \"error_on_nested_fx_trace\": true, \"error_on_nested_jit_trace\": true, \"error_on_recompile\": false, \"fail_on_recompile_limit_hit\": false, \"fake_tensor_cache_crosscheck_enabled\": false, \"fake_tensor_cache_enabled\": true, \"fake_tensor_disable_inference_mode\": true, \"force_compile_during_fx_trace\": false, \"force_nn_module_property_static_shapes\": true, \"force_parameter_static_shapes\": true, \"force_unspec_int_unbacked_size_like_on_torchrec_kjt\": false, \"gc_gen2_threshold_during_compile\": 1000, \"generate_pycode\": false, \"graph_break_on_nn_param_ctor\": true, \"graph_deduplication_lint\": false, \"guard_nn_modules\": true, \"guard_nn_modules_using_dict_tags\": true, \"inline_inbuilt_nn_modules\": true, \"inline_invoke_subgraph\": false, \"inline_single_use_invoke_subgraph\": true, \"inline_torch_dispatch_torch_compile\": true, \"install_free_tensors\": false, \"install_free_tensors_for_export\": true, \"invalidate_compile_context_weakrefs\": null, \"issue_3_13_0_warning\": true, \"leaf_function_check_escaped_gradients\": false, \"leaf_function_validate_outputs\": false, \"log_graph_in_out_metadata\": false, \"max_saved_pointers_for_recursive_dict_tags_check\": 256, \"minimum_call_count\": 1, \"nested_graph_breaks\": false, \"numpy_default_complex\": \"complex128\", \"numpy_default_float\": \"float64\", \"numpy_default_int\": \"int64\", \"only_allow_pt2_compliant_ops\": false, \"optimize_ddp\": true, \"optimize_ddp_lazy_compile\": false, \"prefer_deferred_runtime_asserts_over_guards\": false, \"prepare_freezing\": false, \"pt2_compile_id_prefix\": null, \"raise_on_ctx_manager_usage\": true, \"raise_on_unsafe_aot_autograd\": false, \"recompile_limit\": 8, \"record_compile_time_instruction_count\": false, \"record_runtime_overhead\": true, \"replay_record_enabled\": false, \"replay_side_effects\": true, \"report_guard_failures\": true, \"rewrite_assert_with_torch_assert\": true, \"run_gc_after_compile\": true, \"side_effect_replay_policy\": \"info\", \"skip_code_recursive_on_recompile_limit_hit\": true, \"skip_fsdp_guards\": true, \"skip_fwd_side_effects_in_bwd_under_checkpoint\": false, \"skip_guards_on_constant_func_defaults\": false, \"skip_nnmodule_hook_guards\": true, \"skip_no_tensor_aliasing_guards_on_parameters\": true, \"skip_tensor_guards_with_matching_dict_tags\": true, \"skip_torchrec\": true, \"skipfiles_inline_module_allowlist\": {}, \"specialize_float\": false, \"specialize_int\": false, \"strict_precompile\": false, \"suppress_errors\": false, \"trace_autograd_ops\": false, \"trace_numpy\": true, \"track_nodes_for_deduplication\": false, \"use_graph_deduplication\": false, \"use_lamba_guard_for_object_aliasing\": false, \"use_lazy_graph_module\": true, \"use_numpy_random_stream\": false, \"use_recursive_dict_tags_for_guards\": false, \"verify_correctness\": false, \"wrap_top_frame\": false}", "compiler_config": "{\"cache_key_tag\": \"\", \"compile_on_one_rank\": false, \"dynamic_sources\": \"\", \"dynamic_values\": \"\", \"force_cudagraph_gc\": false, \"force_disable_caches\": true, \"job_id\": null, \"pgo_extra_read_key\": null, \"pgo_extra_write_key\": null, \"static_sources\": \"\", \"unbacked_sources\": \"\"}", "is_forward": true, "num_triton_bundles": null, "remote_fx_graph_cache_get_time_ms": null, "remote_fx_graph_cache_put_time_ms": null, "start_time_us": 1790632377335214, "duration_us": 1730477, "dynamo_cumulative_compile_time_us": 1730477, "aot_autograd_cumulative_compile_time_us": 1540510, "inductor_cumulative_compile_time_us": 1012890, "inductor_code_gen_cumulative_compile_time_us": 986767, "triton_compile_time_us": 475916, "runtime_cudagraphify_time_us": null, "runtime_triton_autotune_time_us": null, "dynamo_compile_time_before_restart_us": 0, "distributed_ephemeral_timeout_us": null, "structured_logging_overhead_us": 15023, "remote_fx_graph_cache_get_time_us": null, "remote_fx_graph_cache_put_time_us": null, "backward_cumulative_compile_time_us": null, "end_time_us": 1790632379065760, "pre_grad_pass_time_us": 2337, "post_grad_pass_time_us": 13113, "joint_graph_pass_time_us": 107758, "log_format_version": 3, "inductor_config": "{\"TYPE_CHECKING\": false, \"_cache_config_ignore_prefix\": [\"trace\", \"cuda.cutlass_dir\", \"cutlass.cutlass_dir\", \"xpu.cutlass_dir\", \"worker_start_method\", \"compile_threads\", \"compile_worker_watchdog_interval_seconds\", \"compile_worker_mode\", \"post_grad_custom_post_pass\", \"post_grad_custom_pre_pass\", \"joint_custom_pre_pass\", \"joint_custom_post_pass\", \"pre_grad_custom_pass\", \"_fuse_ddp_communication_passes\", \"_pre_fusion_custom_pass\", \"cudagraph_policy\", \"force_disable_cudagraph_TESTING_ONLY\", \"pre_grad_pass_timing\", \"fx_graph_cache\", \"fx_graph_remote_cache\", \"autotune_local_cache\", \"autotune_remote_cache\"], \"_collective.auto_select\": false, \"_collective.one_shot_all_reduce_threshold_bytes\": 131072, \"_conv_default_backends\": \"ATEN\", \"_fuse_ddp_bucket_size\": 25, \"_fuse_ddp_communication\": false, \"_fuse_ddp_communication_passes\": [\"fuse_ddp_with_concat_op\", \"schedule_comm_wait\"], \"_micro_pipeline_tp\": false, \"_partitioned_scatter_default\": \"0\", \"_post_fusion_custom_pass\": null, \"_pre_fusion_custom_pass\": null, \"_profile_var\": \"\", \"_raise_error_for_testing\": false, \"_realize_acc_reads_threshold_default\": 8, \"_realize_opcount_threshold_default\": 30, \"_save_config_ignore\": [\"trace.upload_tar\", \"joint_custom_pre_pass\", \"joint_custom_post_pass\", \"pre_grad_custom_pass\", \"aot_inductor.repro_level\", \"aot_inductor.dump_aoti_minifier\", \"post_grad_custom_pre_pass\", \"post_grad_custom_post_pass\", \"_fuse_ddp_communication_passes\", \"_pre_fusion_custom_pass\", \"cudagraph_policy\"], \"_use_fp64_for_unbacked_floats\": true, \"add_pre_grad_passes\": null, \"aggressive_fusion\": false, \"align_random_eager\": false, \"alignment_asserts\": true, \"allow_buffer_reuse\": true, \"always_keep_tensor_constants\": false, \"annotate_training\": false, \"aot_inductor.allow_stack_allocation\": false, \"aot_inductor.aoti_shim_library\": null, \"aot_inductor.aoti_shim_library_path\": null, \"aot_inductor.autotune_per_kernel_alloc\": false, \"aot_inductor.check_lowerbound\": true, \"aot_inductor.check_upperbound\": true, \"aot_inductor.compile_wrapper_opt_level\": \"O1\", \"aot_inductor.cross_target_platform\": null, \"aot_inductor.custom_op_libs\": null, \"aot_inductor.custom_ops_to_c_shims\": {}, \"aot_inductor.debug_compile\": false, \"aot_inductor.debug_intermediate_value_printer\": \"0\", \"aot_inductor.debug_symbols\": false, \"aot_inductor.dump_aoti_minifier\": false, \"aot_inductor.dynamic_linkage\": true, \"aot_inductor.embed_kernel_binary\": null, \"aot_inductor.emit_multi_arch_kernel\": null, \"aot_inductor.enable_frame_pointer\": true, \"aot_inductor.enable_line_tables\": true, \"aot_inductor.enable_lto\": false, \"aot_inductor.filtered_kernel_names\": null, \"aot_inductor.force_mmap_weights\": false, \"aot_inductor.link_libtorch\": true, \"aot_inductor.metadata\": {}, \"aot_inductor.model_name_for_generated_files\": null, \"aot_inductor.output_path\": \"\", \"aot_inductor.package\": false, \"aot_inductor.package_constants_in_so\": true, \"aot_inductor.package_constants_on_disk_format\": null, \"aot_inductor.package_cpp_only\": null, \"aot_inductor.precompile_headers\": true, \"aot_inductor.presets\": {}, \"aot_inductor.raise_error_on_ignored_optimization\": true, \"aot_inductor.repro_level\": 2, \"aot_inductor.serialized_in_spec\": \"\", \"aot_inductor.serialized_out_spec\": \"\", \"aot_inductor.use_consts_asm_build\": true, \"aot_inductor.use_minimal_arrayref_interface\": false, \"aot_inductor.use_runtime_constant_folding\": false, \"aot_inductor.weight_use_caching_allocator\": false, \"aot_inductor_mode.compile_standalone\": false, \"apply_gumbel_max_trick\": true, \"assert_indirect_indexing\": true, \"assume_32bit_indexing\": false, \"assume_aligned_inputs\": false, \"assume_unaligned_fallback_output\": false, \"aten_distributed_optimizations.allow_comms_decompositions\": false, \"aten_distributed_optimizations.bucket_exposed_first\": null, \"aten_distributed_optimizations.bucket_mode\": null, \"aten_distributed_optimizations.bucket_only_internode_comms\": false, \"aten_distributed_optimizations.collective_bucketing\": null, \"aten_distributed_optimizations.collective_estimator\": \"analytical\", \"aten_distributed_optimizations.compute_estimator\": \"benchmark\", \"aten_distributed_optimizations.compute_overlap_multipler\": null, \"aten_distributed_optimizations.custom_runtime_estimation\": null, \"aten_distributed_optimizations.enable_fusion_regions\": true, \"aten_distributed_optimizations.enable_low_contention_collectives\": false, \"aten_distributed_optimizations.enable_overlap_scheduling\": false, \"aten_distributed_optimizations.enable_simple_overlap\": true, \"aten_distributed_optimizations.insert_overlap_deps\": null, \"aten_distributed_optimizations.log_final_collectives_estimations\": false, \"aten_distributed_optimizations.low_contention_all_gather_ce_multicast\": false, \"aten_distributed_optimizations.low_contention_min_bytes_per_rank\": 16777216, \"aten_distributed_optimizations.low_contention_skip_overlap_check\": false, \"aten_distributed_optimizations.max_coll_distance\": null, \"aten_distributed_optimizations.max_compute_pre_fetch\": null, \"aten_distributed_optimizations.max_in_flight_gb\": null, \"aten_distributed_optimizations.max_memory_increase_gb\": null, \"aten_distributed_optimizations.max_memory_increase_ratio\": null, \"aten_distributed_optimizations.overlap_scheduling_autofix_cycles\": false, \"aten_distributed_optimizations.pre_bucketing_fsdp_collectives\": true, \"aten_distributed_optimizations.pre_bucketing_fsdp_collectives_bucket_cap_mb\": null, \"aten_distributed_optimizations.pre_bucketing_fsdp_collectives_max_bucket_cap_mb\": 500.0, \"aten_distributed_optimizations.pre_bucketing_fsdp_collectives_min_bucket_cap_mb\": 10.0, \"aten_distributed_optimizations.pre_bucketing_fsdp_collectives_saturation_calibration_multiplier\": 1.0, \"aten_distributed_optimizations.pre_bucketing_fsdp_collectives_verbose\": false, \"aten_distributed_optimizations.prioritize_bucketing_during_scheduling\": true, \"aten_distributed_optimizations.profile_guided_estimations_profile_path\": null, \"aten_distributed_optimizations.spmd_check\": false, \"aten_distributed_optimizations.spmd_mismatch\": \"warn\", \"auto_chunker.amplify_ratio_threshold\": 8, \"auto_chunker.enable\": false, \"auto_chunker.num_chunk\": null, \"auto_chunker.output_size_threshold\": 1048576, \"autoheuristic_collect.pad_mm\": false, \"autoheuristic_log_path\": \"DEFAULT\", \"autoheuristic_use.pad_mm\": null, \"autotune_cudagraph_benchmarking\": false, \"autotune_cudagraph_benchmarking_iters\": 1, \"autotune_fallback_to_aten\": false, \"autotune_in_subproc\": false, \"autotune_local_cache\": true, \"autotune_lookup_table\": {}, \"autotune_multi_device\": false, \"autotune_num_choices_displayed\": 10, \"autotune_remote_cache\": null, \"b2b_gemm_pass\": false, \"batch_fusion\": true, \"batch_invariant\": false, \"benchmark_combo_kernel\": false, \"benchmark_epilogue_fusion\": true, \"benchmark_fusion\": false, \"benchmark_harness\": true, \"benchmark_kernel\": false, \"bmm_shared_a\": false, \"bucket_all_gathers_bucket_mode\": \"default\", \"bucket_all_gathers_fx\": \"none\", \"bucket_all_gathers_fx_bucket_size_determinator\": null, \"bucket_all_reduces_fx\": \"none\", \"bucket_all_reduces_fx_bucket_size_determinator\": null, \"bucket_reduce_scatters_bucket_mode\": \"default\", \"bucket_reduce_scatters_fx\": \"none\", \"bucket_reduce_scatters_fx_bucket_size_determinator\": null, \"bundle_triton_into_fx_graph_cache\": true, \"bundled_autotune_remote_cache\": null, \"bw_outputs_user_visible\": true, \"cache_sdpa_constraint\": false, \"can_inplace_pad_graph_input\": false, \"check_stack_no_cycles_TESTING_ONLY\": false, \"collective_benchmark_nruns\": 50, \"collective_benchmark_timeout\": 30.0, \"combo_kernel_allow_mixed_sizes\": 1, \"combo_kernel_autotune_grouping\": true, \"combo_kernel_compile_time_autotune\": false, \"combo_kernel_foreach_dynamic_shapes\": true, \"combo_kernel_max_distance\": 64, \"combo_kernel_max_num_args\": 250, \"combo_kernel_max_num_nodes\": 8, \"combo_kernel_peak_memory_increase_gb\": null, \"combo_kernel_peak_memory_pct_threshold\": 0.05, \"combo_kernel_per_subkernel_blocks\": false, \"combo_kernels\": false, \"combo_kernels_autotune\": 1, \"combo_kernels_pointwise_only\": false, \"comment_origin\": false, \"compile_threads\": 16, \"compile_worker_mode\": \"process\", \"compile_worker_wait_timeout\": 0, \"compile_worker_watchdog_interval_seconds\": 60, \"comprehensive_padding\": true, \"compute_all_bounds\": false, \"constant_and_index_propagation\": true, \"conv_1x1_as_mm\": false, \"coordinate_descent_check_all_directions\": false, \"coordinate_descent_search_radius\": 1, \"coordinate_descent_tuning\": false, \"cpp.cxx\": [null, \"g++\"], \"cpp.descriptive_names\": \"original_aten\", \"cpp.dynamic_threads\": false, \"cpp.enable_concat_linear\": false, \"cpp.enable_floating_point_contract_flag\": \"off\", \"cpp.enable_grouped_gemm_template\": false, \"cpp.enable_kernel_context_guard\": false, \"cpp.enable_kernel_profile\": false, \"cpp.enable_loop_tail_vec\": true, \"cpp.enable_tiling_heuristics\": true, \"cpp.enable_unsafe_math_opt_flag\": false, \"cpp.fallback_scatter_reduce_sum\": true, \"cpp.force_inline_kernel\": false, \"cpp.gemm_cache_blocking\": null, \"cpp.gemm_max_k_slices\": 1, \"cpp.gemm_thread_factors\": null, \"cpp.inject_log1p_bug_TESTING_ONLY\": null, \"cpp.inject_relu_bug_TESTING_ONLY\": null, \"cpp.march\": null, \"cpp.max_horizontal_fusion_size\": 16, \"cpp.min_chunk_size\": 512, \"cpp.no_redundant_loops\": true, \"cpp.simdlen\": null, \"cpp.threads\": -1, \"cpp.use_constexpr_for_int_array\": true, \"cpp.use_decompose_tanh\": false, \"cpp.use_small_dequant_buffer\": false, \"cpp.use_two_step_variance_threshold\": 1024, \"cpp.vec_isa_ok\": null, \"cpp.weight_prepack\": true, \"cpp_cache_precompile_headers\": true, \"cpp_wrapper\": false, \"cpp_wrapper_build_separate\": false, \"cpu_backend\": \"cpp\", \"cpu_gpu_bw\": 50.0, \"cuda.arch\": null, \"cuda.autotune_tunableop_dynamic_dims_wildcard\": false, \"cuda.binary_remote_cache_force_write\": false, \"cuda.compile_opt_level\": \"-O1\", \"cuda.cuda_cxx\": null, \"cuda.cutlass_backend_min_gemm_size\": 1, \"cuda.cutlass_dir\": \"/home/arki/miniconda3/envs/aiperf/lib/python3.10/site-packages/third_party/cutlass\", \"cuda.cutlass_dynamic_cluster_fallback\": [2, 1, 1], \"cuda.cutlass_dynamic_cluster_shape\": [2, 1, 1], \"cuda.cutlass_enabled_ops\": \"all\", \"cuda.cutlass_epilogue_fusion_enabled\": false, \"cuda.cutlass_hash_with_compile_cmd\": false, \"cuda.cutlass_instantiation_level\": \"0\", \"cuda.cutlass_max_profiling_configs\": null, \"cuda.cutlass_max_profiling_swizzle_options\": [1, 2, 4, 8], \"cuda.cutlass_op_allowlist_regex\": null, \"cuda.cutlass_op_denylist_regex\": null, \"cuda.cutlass_prescreening\": true, \"cuda.cutlass_tma_only\": false, \"cuda.enable_caching_codegen\": true, \"cuda.enable_cuda_lto\": false, \"cuda.enable_debug_info\": false, \"cuda.enable_ptxas_info\": false, \"cuda.generate_test_runner\": false, \"cuda.upload_to_binary_remote_cache\": false, \"cuda.use_binary_remote_cache\": true, \"cuda.use_fast_math\": false, \"cuda.version\": null, \"cuda_backend\": \"triton\", \"cudagraph_policy\": null, \"cudagraph_unsafe_unbacked_ops\": [], \"custom_partitioner_fn\": null, \"custom_should_partition_ops\": [], \"cutedsl_enable_autotuning\": false, \"cutlass.binary_remote_cache_force_write\": false, \"cutlass.compile_opt_level\": \"-O1\", \"cutlass.cutlass_backend_min_gemm_size\": 1, \"cutlass.cutlass_dir\": \"/home/arki/miniconda3/envs/aiperf/lib/python3.10/site-packages/third_party/cutlass\", \"cutlass.cutlass_dynamic_cluster_fallback\": [2, 1, 1], \"cutlass.cutlass_dynamic_cluster_shape\": [2, 1, 1], \"cutlass.cutlass_enabled_ops\": \"all\", \"cutlass.cutlass_epilogue_fusion_enabled\": false, \"cutlass.cutlass_hash_with_compile_cmd\": false, \"cutlass.cutlass_instantiation_level\": \"0\", \"cutlass.cutlass_max_profiling_configs\": null, \"cutlass.cutlass_max_profiling_swizzle_options\": [1, 2, 4, 8], \"cutlass.cutlass_op_allowlist_regex\": null, \"cutlass.cutlass_op_denylist_regex\": null, \"cutlass.cutlass_prescreening\": true, \"cutlass.cutlass_tma_only\": false, \"cutlass.enable_caching_codegen\": true, \"cutlass.enable_debug_info\": false, \"cutlass.generate_test_runner\": false, \"cutlass.upload_to_binary_remote_cache\": false, \"cutlass.use_binary_remote_cache\": true, \"cutlass.use_fast_math\": false, \"dce\": false, \"debug\": false, \"debug_fusion\": false, \"debug_index_asserts\": false, \"debug_ir_traceback\": false, \"decompose_mem_bound_mm\": false, \"decompose_shard_dim_alltoall\": false, \"dedup_reduce_scatters\": false, \"delay_realize_cheap_outputs\": true, \"deterministic\": false, \"developer_warnings\": true, \"disable_cpp_codegen\": false, \"disable_padding_cpu\": true, \"disable_progress\": true, \"disabled_passes\": \"\", \"distributed_max_autotune_gemm\": false, \"do_not_emit_runtime_assertions\": false, \"dynamic_scale_rblock\": true, \"eager_numerics.disable_ftz\": false, \"eager_numerics.division_rounding\": false, \"eager_numerics.use_pytorch_libdevice\": false, \"efficient_conv_bn_eval_fx_passes\": false, \"emulate_precision_casts\": false, \"emulate_precision_casts_on_saved_tensors\": true, \"enable_auto_functionalized_v2\": true, \"enable_autograd_for_aot\": false, \"enable_caching_generated_triton_templates\": true, \"enable_linear_binary_folding\": false, \"enabled_metric_tables\": \"\", \"epilogue_fusion\": true, \"epilogue_fusion_first\": false, \"epilogue_fusion_user_defined_triton_kernel\": false, \"epilogue_fusion_with_atomic_add\": false, \"estimate_op_runtime\": \"default\", \"expand_dimension_for_pointwise_nodes\": false, \"external_matmul\": [], \"fallback_by_default\": false, \"fallback_embedding_bag_byte_unpack\": false, \"fallback_random\": false, \"file_lock_timeout\": 600, \"flydsl_enable_autotuning\": false, \"force_disable_cudagraph_TESTING_ONLY\": false, \"force_fuse_int_mm_with_mul\": false, \"force_layout_optimization\": false, \"force_pointwise_cat\": false, \"force_shape_pad\": false, \"freezing\": false, \"freezing_discard_parameters\": false, \"fx_graph_cache\": true, \"fx_graph_remote_cache\": null, \"fx_passes_numeric_check\": {\"num_iterations\": 1, \"pre_grad\": false, \"precision\": 0.0001, \"requires_optimizer\": true}, \"fx_wrapper\": false, \"generate_intermediate_hooks\": false, \"global_cache_dir\": null, \"graph_partition\": true, \"group_fusion\": false, \"halide.asserts\": false, \"halide.cpu_target\": \"host\", \"halide.debug\": false, \"halide.gpu_target\": \"host-cuda\", \"halide.scan_kernels\": false, \"halide.scheduler_cpu\": \"Adams2019\", \"halide.scheduler_cuda\": \"Anderson2021\", \"implicit_fallbacks\": true, \"incremental_autotune\": false, \"inductor_choices_class\": null, \"inductor_default_autotune_rep\": 100, \"inductor_default_autotune_warmup\": 25, \"inplace_buffers\": true, \"inplace_padding\": true, \"inter_node_bw\": null, \"intra_node_bw\": null, \"is_nightly_or_source\": true, \"is_predispatch\": false, \"joint_custom_post_pass\": null, \"joint_custom_pre_pass\": null, \"joint_graph_constant_folding\": true, \"keep_addmm_fused_for_half_dtypes\": true, \"keep_output_stride\": true, \"keep_static_cubin_raw\": false, \"kernel_name_max_ops\": 10, \"layout_opt_default\": \"1\", \"layout_optimization\": true, \"log_tlparse\": false, \"lookup_table.check_src_hash\": true, \"lookup_table.table\": null, \"loop_index_inversion_in_fusion\": true, \"loop_ordering_after_fusion\": true, \"loop_reindexing_after_fusion\": true, \"max_autotune\": false, \"max_autotune_allow_flexible_layouts\": false, \"max_autotune_conv_backends\": \"ATEN,TRITON\", \"max_autotune_conv_bwd_input_backends\": \"ATEN\", \"max_autotune_conv_bwd_weight_backends\": \"ATEN\", \"max_autotune_flex_search_space\": \"DEFAULT\", \"max_autotune_gemm\": false, \"max_autotune_gemm_backends\": \"ATEN,TRITON,CPP\", \"max_autotune_gemm_search_space\": \"DEFAULT\", \"max_autotune_pointwise\": false, \"max_autotune_prune_choices_based_on_shared_mem\": false, \"max_autotune_report_choices_stats\": true, \"max_autotune_subproc_graceful_timeout_seconds\": 0.0, \"max_autotune_subproc_result_timeout_seconds\": 60.0, \"max_autotune_subproc_terminate_timeout_seconds\": 0.0, \"max_complex_pointwise_cat_inputs\": 8, \"max_epilogue_benchmarked_choices\": 1, \"max_fusion_buffer_group_pairwise_attempts\": 64, \"max_fusion_size\": 64, \"max_fusion_unique_io_buffers\": null, \"max_pointwise_cat_inputs\": 8, \"memory_planning\": false, \"memory_pool\": \"intermediates\", \"min_num_split\": 0, \"min_overlap_ratio\": 1.1, \"mixed_mm_choice\": \"heuristic\", \"mtia.disable_welford_reduction\": false, \"multi_kernel_hints\": [], \"nan_asserts\": false, \"non_blocking_remote_cache_write\": true, \"numerics\": \"default\", \"nvgemm_max_profiling_configs\": 10, \"nvgemm_supplement_configs\": false, \"nvgemm_swap_ab\": false, \"online_softmax\": true, \"optimize_scatter_upon_const_tensor\": true, \"pad_channels_last\": false, \"pad_dynamic_shapes\": false, \"pad_outputs\": false, \"padding_alignment_bytes\": 128, \"padding_stride_threshold\": 1024, \"partitioned_scatter_enabled\": false, \"partitioned_scatter_force\": false, \"partitioned_scatter_max_partitions\": 64, \"partitioned_scatter_min_contention_ratio\": 4.0, \"partitioned_scatter_min_index_size\": 4096, \"partitioned_scatter_min_partitions\": 2, \"partitioned_scatter_non_model_floor_bytes\": 1500000000, \"pattern_matcher\": true, \"permute_fusion\": false, \"pick_loop_orders\": true, \"pipeline_max_autotune_gemm\": false, \"post_grad_custom_post_pass\": null, \"post_grad_custom_pre_pass\": null, \"post_grad_fusion_options\": {}, \"pre_grad_custom_pass\": null, \"pre_grad_fusion_options\": {}, \"pre_grad_pass_timing\": \"default\", \"precompilation_timeout_seconds\": 300, \"profile_bandwidth\": false, \"profile_bandwidth_output\": null, \"profile_bandwidth_regex\": \"\", \"profile_bandwidth_with_do_bench_using_profiling\": false, \"profiler_mark_wrapper_call\": false, \"prologue_fusion\": true, \"quiesce_async_compile_pool\": true, \"quiesce_async_compile_time\": 60, \"realize_acc_reads_size_threshold\": null, \"realize_acc_reads_threshold\": null, \"realize_cpu_acc_reads_threshold\": 12, \"realize_cpu_opcount_threshold\": 50, \"realize_opcount_threshold\": null, \"realize_opusers_threshold\": 5, \"realize_reads_threshold\": 4, \"remote_gemm_autotune_cache\": false, \"remove_pre_grad_passes\": null, \"reorder_for_compute_comm_overlap\": false, \"reorder_for_compute_comm_overlap_passes\": [], \"reorder_for_locality\": true, \"reorder_for_locality_in_training\": false, \"reorder_for_peak_memory\": true, \"reorder_for_peak_memory_debug\": false, \"reorder_prefetch_limit\": null, \"rocm.arch\": [], \"rocm.ck_dir\": null, \"rocm.ck_max_profiling_configs\": null, \"rocm.ck_supported_arch\": [\"gfx90a\", \"gfx942\", \"gfx950\"], \"rocm.ck_tile_max_profiling_configs\": null, \"rocm.compile_opt_level\": \"-O2\", \"rocm.contiguous_threshold\": 16, \"rocm.flush_denormals\": true, \"rocm.generate_test_runner\": false, \"rocm.is_debug\": false, \"rocm.kBatch_sweep\": null, \"rocm.n_max_profiling_configs\": null, \"rocm.origami\": true, \"rocm.origami_topk\": 6, \"rocm.print_kernel_resource_usage\": false, \"rocm.rocm_home\": null, \"rocm.save_temps\": false, \"rocm.split_k_threshold\": 16, \"rocm.use_fast_math\": true, \"rocm.use_preselected_instances\": false, \"run_jit_post_compile_hook\": false, \"runtime_estimations_mms_benchmark\": false, \"runtime_triton_nan_asserts\": false, \"save_args\": false, \"scalar_asserts\": true, \"score_fusion_memory_threshold\": 10, \"search_autotune_cache\": false, \"selective_decompose\": false, \"shape_padding\": true, \"size_asserts\": true, \"size_threshold_for_succ_based_strategy\": 0, \"sleep_sec_TESTING_ONLY\": null, \"small_memory_access_threshold\": 16777216, \"split_cat_fx_passes\": true, \"split_reductions\": true, \"static_launch_user_defined_triton_kernels\": false, \"static_weight_shapes\": true, \"strict_output_strides\": false, \"strict_signed_zero\": false, \"strict_static_cuda_launcher\": false, \"test_configs.assume_bucketing_reduces_latency\": true, \"test_configs.autotune_choice_desc_regex\": null, \"test_configs.autotune_choice_name_regex\": null, \"test_configs.bisect_keep_custom_backend_for_inductor\": false, \"test_configs.bisect_pre_grad_graph\": false, \"test_configs.distort_benchmarking_result\": \"\", \"test_configs.force_custom_op_decomposition\": null, \"test_configs.force_extern_kernel_in_multi_template\": false, \"test_configs.force_filter_reduction_configs\": false, \"test_configs.force_no_impl_grouping\": false, \"test_configs.graphsafe_rng_func_ignores_fallback_random\": false, \"test_configs.max_flex_configs\": null, \"test_configs.max_mm_configs\": null, \"test_configs.runtime_triton_dtype_assert\": false, \"test_configs.runtime_triton_shape_assert\": false, \"test_configs.static_cpp_dtype_assert\": false, \"test_configs.track_memory_lifecycle\": null, \"test_configs.use_libtorch\": false, \"torchinductor_worker_logpath\": \"\", \"tpu_backend\": \"pallas\", \"trace.compile_profile\": false, \"trace.debug_dir\": null, \"trace.debug_log\": false, \"trace.dot_graph_shape\": null, \"trace.draw_orig_fx_graph\": false, \"trace.enabled\": true, \"trace.fx_graph\": true, \"trace.fx_graph_transformed\": true, \"trace.graph_diagram\": false, \"trace.graph_diagram_format\": \"svg\", \"trace.info_log\": false, \"trace.ir_post_fusion\": true, \"trace.ir_pre_fusion\": true, \"trace.log_autotuning_results\": false, \"trace.log_url_for_graph_xform\": null, \"trace.orig_fx_graph_diagram_format\": \"svg\", \"trace.output_code\": true, \"trace.provenance_tracking_level\": 1, \"trace.provenance_tracking_max_events\": 500000, \"trace.provenance_tracking_to_timeline\": false, \"trace.save_real_tensors\": false, \"trace.upload_tar\": null, \"triton.autotune_at_compile_time\": null, \"triton.autotune_cublasLt\": true, \"triton.autotune_pointwise\": true, \"triton.autotune_with_sample_inputs\": false, \"triton.coalesce_tiling_analysis\": true, \"triton.codegen_upcast_to_fp32\": true, \"triton.cooperative_reductions\": false, \"triton.cudagraph_capture_sizes\": null, \"triton.cudagraph_dynamic_shape_warn_limit\": 8, \"triton.cudagraph_initial_mempool_allocation_gb\": null, \"triton.cudagraph_managed_input_rerecord_action\": \"copy\", \"triton.cudagraph_managed_input_rerecord_limit\": 5, \"triton.cudagraph_min_partition_size\": 0, \"triton.cudagraph_or_error\": false, \"triton.cudagraph_partition_memory_budget\": 1.1, \"triton.cudagraph_skip_dynamic_graphs\": false, \"triton.cudagraph_support_input_mutation\": true, \"triton.cudagraph_trees\": true, \"triton.cudagraph_trees_generation_cloning\": null, \"triton.cudagraph_trees_history_recording\": false, \"triton.cudagraph_trees_objgraph\": false, \"triton.cudagraph_unexpected_rerecord_limit\": 128, \"triton.cudagraphs\": false, \"triton.debug_dump_kernel_inputs\": {}, \"triton.debug_sync_graph\": false, \"triton.debug_sync_kernel\": false, \"triton.decompose_k_threshold\": 32, \"triton.decompose_sort_ops\": false, \"triton.dense_indexing\": false, \"triton.descriptive_names\": \"original_aten\", \"triton.disallow_failing_autotune_kernels_TESTING_ONLY\": false, \"triton.divisible_by_16\": true, \"triton.dynamic_disable_pipelining\": true, \"triton.emit_pointer_range_32\": true, \"triton.enable_flex_tdm\": true, \"triton.enable_host_side_tma\": false, \"triton.enable_pdl\": false, \"triton.enable_persistent_tma_matmul\": false, \"triton.enable_template_autows\": false, \"triton.enable_template_tma_store\": false, \"triton.enable_tma_load_for_template_epilogue\": false, \"triton.fast_path_cudagraph_asserts\": false, \"triton.force_cooperative_reductions\": false, \"triton.force_cudagraph_sync\": false, \"triton.force_cudagraphs_warmup\": false, \"triton.inject_relu_bug_TESTING_ONLY\": null, \"triton.max_kernel_dump_occurrences\": 3, \"triton.max_tiles\": null, \"triton.min_split_scan_rblock\": 256, \"triton.mix_order_reduction\": true, \"triton.mix_order_reduction_allow_multi_stages\": true, \"triton.mix_order_reduction_autotune_split_size\": false, \"triton.mix_order_reduction_initial_xblock\": 1, \"triton.mix_order_reduction_max_reads\": 10, \"triton.mix_order_reduction_non_strict_mode\": false, \"triton.mix_order_reduction_split_size\": null, \"triton.multi_kernel\": 0, \"triton.native_matmul\": false, \"triton.nested_reduction\": true, \"triton.num_decompose_k_splits\": 10, \"triton.persistent_reductions\": true, \"triton.prefer_nd_tiling\": false, \"triton.proton_group_by_sm\": true, \"triton.proton_output_dir\": null, \"triton.proton_per_cta_occupancy\": true, \"triton.proton_profiling\": false, \"triton.proton_split_invocations\": true, \"triton.reorder_for_reducing_graph_partitions\": true, \"triton.scalar_accumulators\": true, \"triton.skip_cudagraph_warmup\": false, \"triton.skip_l1_cache\": false, \"triton.slow_path_cudagraph_asserts\": true, \"triton.spill_threshold\": 16, \"triton.store_cubin\": false, \"triton.tile_reductions\": false, \"triton.tiling_prevents_pointwise_fusion\": true, \"triton.tiling_prevents_reduction_fusion\": true, \"triton.tlx_mode\": null, \"triton.transpose_discontiguous_tensor_descriptor\": true, \"triton.unique_kernel_names\": true, \"triton.unique_user_kernel_names\": false, \"triton.use_block_ptr\": false, \"triton.use_tensor_descriptor\": false, \"triton.use_two_step_variance_min_numel\": 1024, \"triton.use_two_step_variance_threshold\": 32768, \"triton_disable_device_detection\": false, \"triton_kernel_default_layout_constraint\": \"needs_fixed_stride_order\", \"unbacked_symint_fallback\": 8192, \"unroll_reductions_threshold\": 8, \"unsafe_ignore_unsupported_triton_autotune_args\": false, \"unsafe_marked_cacheable_functions\": {}, \"unsafe_skip_cache_dynamic_shape_guards\": false, \"unsafe_skip_scalar_range_asserts\": false, \"use_dce\": true, \"use_experimental_benchmarker\": true, \"use_fast_math\": false, \"use_fast_triton_launcher\": true, \"use_joint_graph_passes\": true, \"use_launch_metadata_schema\": true, \"use_mixed_mm\": true, \"use_post_grad_passes\": true, \"use_pre_grad_passes\": true, \"use_static_cuda_launcher\": true, \"use_torch_profiler_benchmarker\": false, \"verbose_progress\": false, \"warn_mix_layout\": false, \"worker_log_path\": null, \"worker_start_method\": \"subprocess\", \"worker_suppress_logging\": true, \"wrap_inductor_compiled_regions\": false, \"write_are_deterministic_algorithms_enabled\": true, \"xpu.arch\": null, \"xpu.binary_remote_cache_force_write\": false, \"xpu.compile_opt_level\": \"-O1\", \"xpu.cutlass_backend_min_gemm_size\": 1, \"xpu.cutlass_dir\": \"/home/arki/workspace/pytorch\", \"xpu.cutlass_dynamic_cluster_fallback\": [2, 1, 1], \"xpu.cutlass_dynamic_cluster_shape\": [2, 1, 1], \"xpu.cutlass_enabled_ops\": \"all\", \"xpu.cutlass_epilogue_fusion_enabled\": false, \"xpu.cutlass_hash_with_compile_cmd\": false, \"xpu.cutlass_instantiation_level\": \"0\", \"xpu.cutlass_max_profiling_configs\": null, \"xpu.cutlass_max_profiling_swizzle_options\": [1, 2, 4, 8], \"xpu.cutlass_op_allowlist_regex\": null, \"xpu.cutlass_op_denylist_regex\": null, \"xpu.cutlass_prescreening\": true, \"xpu.cutlass_tma_only\": false, \"xpu.enable_caching_codegen\": true, \"xpu.enable_debug_info\": false, \"xpu.generate_test_runner\": false, \"xpu.oneapi_root\": null, \"xpu.upload_to_binary_remote_cache\": false, \"xpu.use_binary_remote_cache\": true, \"xpu.use_fast_math\": false, \"xpu.version\": null, \"xpu_backend\": \"triton\"}", "remote_cache_version": null, "inductor_fx_remote_cache_hit_count": 0, "inductor_fx_remote_cache_miss_count": 0, "inductor_fx_remote_cache_backend_type": null, "inductor_fx_remote_cache_hit_keys": null, "inductor_fx_remote_cache_miss_keys": null, "inductor_fx_local_cache_hit_count": 0, "inductor_fx_local_cache_miss_count": 0, "aotautograd_remote_cache_hit_count": 0, "aotautograd_remote_cache_miss_count": 0, "aotautograd_local_cache_hit_count": 0, "aotautograd_local_cache_miss_count": 0, "cuda_version": "13.2", "triton_version": "3.8.0", "feature_usage": {"fx_cache": false, "parallel_compile_post_warmup": false, "static_triton_launcher": true}, "compile_time_autotune_time_us": null, "is_runtime": false, "gc_time_us": 208, "tensorify_float_attempt": null, "tensorify_float_success": null, "tensorify_float_failure": null, "guard_latency_us": 13, "recompile_reason": null, "num_graph_breaks": 0, "triton_kernel_compile_times_us": "[[\"triton_poi_fused_add_0\", 475571]]", "ir_count": 17, "cudagraph_skip_reason": null, "python_version": "3.10.20 (main, Jun 11 2026, 15:17:37) [GCC 14.3.0]", "pgo_put_remote_code_state_time_us": null, "pgo_get_remote_code_state_time_us": null, "param_numel": null, "param_bytes": null, "param_count": null, "recompile_user_contexts": null, "inline_inbuilt_nn_modules_candidate": false, "pytorch_version": "2.15.0.dev20260922+cu132", "inductor_provenance": ["{\"torch.ops.alignment_demo.copy.out:1\": [\"  File \\\"/home/arki/workspace/pytorch/agent_space/extern_kernel_out_unaligned.py\\\", line 38, in fn\\n    y = torch.ops.alignment_demo.copy(x)  # Lowers to ExternKernelOut.\\n\"], \"triton_poi_fused_add_0:2\": [\"  File \\\"/home/arki/workspace/pytorch/agent_space/extern_kernel_out_unaligned.py\\\", line 39, in fn\\n    return y + 1  # Inductor generates the Triton consumer.\\n\"]}"], "functorch_config": "{\"_sync_cache_decision_cross_ranks\": false, \"_sync_decision_cross_ranks\": false, \"_test_disable_functionalization\": true, \"activation_memory_budget\": 1.0, \"activation_memory_budget_require_full_coverage\": true, \"activation_memory_budget_runtime_estimator\": \"flops\", \"activation_memory_budget_solver\": \"dp\", \"activation_offload_cpu_gpu_bw\": 50.0, \"activation_offload_separate_stream\": false, \"activation_offload_sink_wait\": false, \"activation_reload_prefetch\": false, \"aggressive_recomputation\": false, \"autograd_cache_allow_custom_autograd_functions\": false, \"autograd_cache_normalize_inputs\": true, \"backward_pass_autocast\": \"same_as_forward\", \"ban_recompute_long_fusible_chains\": true, \"ban_recompute_materialized_backward\": true, \"ban_recompute_not_in_allowlist\": true, \"ban_recompute_reductions\": true, \"ban_recompute_used_far_apart\": true, \"bundled_autograd_cache\": false, \"bypass_autograd_cache_key\": false, \"check_custom_op_aliasing\": true, \"cse\": true, \"custom_op_default_layout_constraint\": \"needs_exact_strides\", \"debug_assert\": false, \"debug_partitioner\": false, \"decompose_custom_triton_ops\": true, \"disable_guess_zero_tangent_for_mutated_input_subclass\": false, \"donated_buffer\": true, \"enable_activation_offloading\": false, \"enable_autograd_cache\": true, \"enable_complex_wrapper\": false, \"enable_remote_autograd_cache\": null, \"error_on_custom_op_aliasing\": false, \"fake_tensor_allow_meta\": true, \"fake_tensor_allow_unsafe_data_ptr_access\": true, \"fake_tensor_crossref\": false, \"fake_tensor_prefer_device_type\": null, \"fake_tensor_propagate_real_tensors\": false, \"force_autograd_cache\": false, \"force_non_lazy_backward_lowering\": false, \"functionalize_rng_ops\": false, \"generate_fake_kernels_from_real_mismatches\": false, \"graphsafe_rng_functionalization\": true, \"guess_tangent_strides_as_outputs\": true, \"is_non_builtin_to_include\": false, \"joint_custom_pass\": null, \"max_dist_from_bw\": 1000, \"memory_budget_pareto_dir\": null, \"recompute_views\": false, \"remat_using_tags_for_fwd_loss_bwd_graph\": true, \"saved_tensors_hooks_filtering_mode\": \"donated\", \"selective_decompose\": false, \"static_weight_shapes\": true, \"strict_autograd_cache\": false, \"torch_compile_graph_format\": \"svg\", \"treat_parameters_as_free_to_save\": true, \"unlift_effect_tokens\": false, \"unsafe_allow_optimization_of_collectives\": false, \"unsafe_treat_script_objects_as_zero_size\": false, \"view_replay_for_aliased_outputs\": true, \"visualize_memory_budget_pareto\": false}"}, "frame_id": 0, "frame_compile_id": 0, "attempt": 0}
V0928 23:52:59.066000 363526 site-packages/torch/_dynamo/utils.py:2470] {"chromium_event": {}, "frame_id": 0, "frame_compile_id": 0, "attempt": 0, "has_payload": "6073a9bddb582f9b5be7817e2f0c95d3"}
	{
	"name": "dynamo",
	"ts": 1790632379066733.8,
	"args": {
	"compile_id": "0/0",
	"num_graph_breaks": 0,
	"guard_latency_us": 13,
	"frame_key": "1",
	"co_name": "fn",
	"co_filename": "/home/arki/workspace/pytorch/agent_space/extern_kernel_out_unaligned.py",
	"co_firstlineno": 34,
	"cache_size": 0,
	"accumulated_cache_size": 0,
	"guard_count": 12,
	"shape_env_guard_count": 0,
	"graph_op_count": 3,
	"graph_node_count": 5,
	"graph_input_count": 1,
	"fail_type": null,
	"fail_reason": null,
	"fail_user_frame_filename": null,
	"fail_user_frame_lineno": null,
	"non_compliant_ops": [
	"alignment_demo::copy"
	],
	"compliant_custom_ops": [],
	"restart_reasons": [],
	"dynamo_time_before_restart_s": 0.0,
	"has_guarded_code": true,
	"dynamo_config": "{\"_autograd_backward_strict_mode_conditional_banned_ops\": [\"stride\", \"storage_offset\", \"is_contiguous\"], \"_dynamic_shapes_spec\": null, \"_unsafe_skip_fsdp_module_guards\": false, \"accumulated_recompile_limit\": 256, \"allow_empty_graphs\": false, \"allow_ignore_mark_dynamic\": false, \"allow_rnn\": false, \"allow_unspec_int_on_nn_module\": false, \"allowed_functions_module_string_ignorelist\": [\"torch._decomp\", \"torch._prims\", \"torch._refs\", \"torch.distributions\", \"torch.testing\"], \"assume_dunder_attributes_remain_unchanged\": true, \"assume_static_by_default\": true, \"automatic_dynamic_exclusion_guard\": false, \"automatic_dynamic_local_pgo\": true, \"automatic_dynamic_remote_pgo\": null, \"automatic_dynamic_shapes\": true, \"automatic_dynamic_shapes_mark_as\": \"dynamic\", \"caching_precompile\": false, \"canonicalize_output_graph_node_order\": false, \"capture_autograd_function\": true, \"capture_dynamic_output_shape_ops\": false, \"capture_func_transforms\": true, \"capture_profiler_record_function\": false, \"capture_scalar_outputs\": false, \"capture_sparse_compute\": true, \"compiled_autograd\": false, \"compiled_autograd_kwargs_override\": {}, \"computed_lazy_constant_max_nodes\": 64, \"constant_fold_autograd_profiler_enabled\": false, \"cprofile\": false, \"cudagraph_backend_keep_input_mutation\": false, \"cudagraph_backend_support_input_mutation\": false, \"dead_code_elimination\": null, \"debug_backend_override\": \"\", \"debug_disable_compile_counter\": false, \"debug_dynamo_config_override\": \"\", \"debug_force_graph_break_on_leaf_return\": false, \"debug_force_nested_calls\": false, \"debug_inductor_config_override\": \"\", \"disable\": false, \"do_not_emit_runtime_asserts\": false, \"dont_skip_tracing\": false, \"dynamic_shapes\": true, \"dynamo_profiler\": false, \"enable_aot_compile\": true, \"enable_compiler_collectives\": false, \"enable_cpp_framelocals_guard_eval\": true, \"enable_cpp_guard_manager\": true, \"enable_cpp_symbolic_shape_guards\": false, \"enable_dynamo_decompositions\": true, \"enable_faithful_generator_behavior\": true, \"enable_invoke_subgraph_regional_compile\": false, \"enable_p2p_compilation\": false, \"enable_trace_contextlib\": true, \"enable_trace_load_build_class\": false, \"enable_trace_unittest\": false, \"error_on_dynamo_callback_in_fullgraph_compiled_code\": false, \"error_on_nested_fx_trace\": true, \"error_on_nested_jit_trace\": true, \"error_on_recompile\": false, \"fail_on_recompile_limit_hit\": false, \"fake_tensor_cache_crosscheck_enabled\": false, \"fake_tensor_cache_enabled\": true, \"fake_tensor_disable_inference_mode\": true, \"force_compile_during_fx_trace\": false, \"force_nn_module_property_static_shapes\": true, \"force_parameter_static_shapes\": true, \"force_unspec_int_unbacked_size_like_on_torchrec_kjt\": false, \"gc_gen2_threshold_during_compile\": 1000, \"generate_pycode\": false, \"graph_break_on_nn_param_ctor\": true, \"graph_deduplication_lint\": false, \"guard_nn_modules\": true, \"guard_nn_modules_using_dict_tags\": true, \"inline_inbuilt_nn_modules\": true, \"inline_invoke_subgraph\": false, \"inline_single_use_invoke_subgraph\": true, \"inline_torch_dispatch_torch_compile\": true, \"install_free_tensors\": false, \"install_free_tensors_for_export\": true, \"invalidate_compile_context_weakrefs\": null, \"issue_3_13_0_warning\": true, \"leaf_function_check_escaped_gradients\": false, \"leaf_function_validate_outputs\": false, \"log_graph_in_out_metadata\": false, \"max_saved_pointers_for_recursive_dict_tags_check\": 256, \"minimum_call_count\": 1, \"nested_graph_breaks\": false, \"numpy_default_complex\": \"complex128\", \"numpy_default_float\": \"float64\", \"numpy_default_int\": \"int64\", \"only_allow_pt2_compliant_ops\": false, \"optimize_ddp\": true, \"optimize_ddp_lazy_compile\": false, \"prefer_deferred_runtime_asserts_over_guards\": false, \"prepare_freezing\": false, \"pt2_compile_id_prefix\": null, \"raise_on_ctx_manager_usage\": true, \"raise_on_unsafe_aot_autograd\": false, \"recompile_limit\": 8, \"record_compile_time_instruction_count\": false, \"record_runtime_overhead\": true, \"replay_record_enabled\": false, \"replay_side_effects\": true, \"report_guard_failures\": true, \"rewrite_assert_with_torch_assert\": true, \"run_gc_after_compile\": true, \"side_effect_replay_policy\": \"info\", \"skip_code_recursive_on_recompile_limit_hit\": true, \"skip_fsdp_guards\": true, \"skip_fwd_side_effects_in_bwd_under_checkpoint\": false, \"skip_guards_on_constant_func_defaults\": false, \"skip_nnmodule_hook_guards\": true, \"skip_no_tensor_aliasing_guards_on_parameters\": true, \"skip_tensor_guards_with_matching_dict_tags\": true, \"skip_torchrec\": true, \"skipfiles_inline_module_allowlist\": {}, \"specialize_float\": false, \"specialize_int\": false, \"strict_precompile\": false, \"suppress_errors\": false, \"trace_autograd_ops\": false, \"trace_numpy\": true, \"track_nodes_for_deduplication\": false, \"use_graph_deduplication\": false, \"use_lamba_guard_for_object_aliasing\": false, \"use_lazy_graph_module\": true, \"use_numpy_random_stream\": false, \"use_recursive_dict_tags_for_guards\": false, \"verify_correctness\": false, \"wrap_top_frame\": false}"
	},
	"ph": "E",
	"cat": "dynamo_timed",
	"tid": 0,
	"pid": 0
	}
V0928 23:52:59.067000 363526 site-packages/torch/_dynamo/utils.py:2470] {"chromium_event": {}, "has_payload": "275a5794f3712a3c6c228d315aff348d"}
	{
	"name": "CachingAutotuner.benchmark_all_configs",
	"ts": 1790632379067347.5,
	"args": {
	"kernel_name": "triton_poi_fused_add_0",
	"is_backward": false,
	"compile_id": "0/0"
	},
	"ph": "B",
	"cat": "dynamo_timed",
	"tid": 0,
	"pid": 0
	}
V0928 23:52:59.098000 363526 site-packages/torch/_dynamo/utils.py:2470] {"chromium_event": {}, "has_payload": "e9dac880ddfca3841dc8b89b46f4a2d7"}
	{
	"name": "CachingAutotuner.benchmark_all_configs",
	"ts": 1790632379098148.2,
	"args": {
	"kernel_name": "triton_poi_fused_add_0",
	"is_backward": false,
	"compile_id": "0/0"
	},
	"ph": "E",
	"cat": "dynamo_timed",
	"tid": 0,
	"pid": 0
	}
V0928 23:52:59.099000 363526 site-packages/torch/_dynamo/utils.py:2129] {"compilation_metrics_runtime": {"compile_id": "0/0", "frame_key": null, "co_name": null, "co_filename": null, "co_firstlineno": null, "cache_size": null, "accumulated_cache_size": null, "guard_count": null, "shape_env_guard_count": null, "graph_op_count": null, "graph_node_count": null, "graph_input_count": null, "start_time": 1790632379.098256, "entire_frame_compile_time_s": null, "backend_compile_time_s": null, "inductor_compile_time_s": null, "code_gen_time_s": null, "fail_type": null, "fail_reason": null, "fail_user_frame_filename": null, "fail_user_frame_lineno": null, "non_compliant_ops": null, "compliant_custom_ops": null, "restart_reasons": null, "dynamo_time_before_restart_s": null, "stack_trace": null, "exception_stack_trace": null, "graph_node_shapes": null, "has_guarded_code": null, "remote_cache_time_saved_s": null, "structured_logging_overhead_s": null, "config_suppress_errors": false, "config_inline_inbuilt_nn_modules": true, "specialize_float": null, "dynamo_config": "{\"_autograd_backward_strict_mode_conditional_banned_ops\": [\"stride\", \"storage_offset\", \"is_contiguous\"], \"_dynamic_shapes_spec\": null, \"_unsafe_skip_fsdp_module_guards\": false, \"accumulated_recompile_limit\": 256, \"allow_empty_graphs\": false, \"allow_ignore_mark_dynamic\": false, \"allow_rnn\": false, \"allow_unspec_int_on_nn_module\": false, \"allowed_functions_module_string_ignorelist\": [\"torch._decomp\", \"torch._prims\", \"torch._refs\", \"torch.distributions\", \"torch.testing\"], \"assume_dunder_attributes_remain_unchanged\": true, \"assume_static_by_default\": true, \"automatic_dynamic_exclusion_guard\": false, \"automatic_dynamic_local_pgo\": true, \"automatic_dynamic_remote_pgo\": null, \"automatic_dynamic_shapes\": true, \"automatic_dynamic_shapes_mark_as\": \"dynamic\", \"caching_precompile\": false, \"canonicalize_output_graph_node_order\": false, \"capture_autograd_function\": true, \"capture_dynamic_output_shape_ops\": false, \"capture_func_transforms\": true, \"capture_profiler_record_function\": false, \"capture_scalar_outputs\": false, \"capture_sparse_compute\": true, \"compiled_autograd\": false, \"compiled_autograd_kwargs_override\": {}, \"computed_lazy_constant_max_nodes\": 64, \"constant_fold_autograd_profiler_enabled\": false, \"cprofile\": false, \"cudagraph_backend_keep_input_mutation\": false, \"cudagraph_backend_support_input_mutation\": false, \"dead_code_elimination\": null, \"debug_backend_override\": \"\", \"debug_disable_compile_counter\": false, \"debug_dynamo_config_override\": \"\", \"debug_force_graph_break_on_leaf_return\": false, \"debug_force_nested_calls\": false, \"debug_inductor_config_override\": \"\", \"disable\": false, \"do_not_emit_runtime_asserts\": false, \"dont_skip_tracing\": false, \"dynamic_shapes\": true, \"dynamo_profiler\": false, \"enable_aot_compile\": true, \"enable_compiler_collectives\": false, \"enable_cpp_framelocals_guard_eval\": true, \"enable_cpp_guard_manager\": true, \"enable_cpp_symbolic_shape_guards\": false, \"enable_dynamo_decompositions\": true, \"enable_faithful_generator_behavior\": true, \"enable_invoke_subgraph_regional_compile\": false, \"enable_p2p_compilation\": false, \"enable_trace_contextlib\": true, \"enable_trace_load_build_class\": false, \"enable_trace_unittest\": false, \"error_on_dynamo_callback_in_fullgraph_compiled_code\": false, \"error_on_nested_fx_trace\": true, \"error_on_nested_jit_trace\": true, \"error_on_recompile\": false, \"fail_on_recompile_limit_hit\": false, \"fake_tensor_cache_crosscheck_enabled\": false, \"fake_tensor_cache_enabled\": true, \"fake_tensor_disable_inference_mode\": true, \"force_compile_during_fx_trace\": false, \"force_nn_module_property_static_shapes\": true, \"force_parameter_static_shapes\": true, \"force_unspec_int_unbacked_size_like_on_torchrec_kjt\": false, \"gc_gen2_threshold_during_compile\": 1000, \"generate_pycode\": false, \"graph_break_on_nn_param_ctor\": true, \"graph_deduplication_lint\": false, \"guard_nn_modules\": true, \"guard_nn_modules_using_dict_tags\": true, \"inline_inbuilt_nn_modules\": true, \"inline_invoke_subgraph\": false, \"inline_single_use_invoke_subgraph\": true, \"inline_torch_dispatch_torch_compile\": true, \"install_free_tensors\": false, \"install_free_tensors_for_export\": true, \"invalidate_compile_context_weakrefs\": null, \"issue_3_13_0_warning\": true, \"leaf_function_check_escaped_gradients\": false, \"leaf_function_validate_outputs\": false, \"log_graph_in_out_metadata\": false, \"max_saved_pointers_for_recursive_dict_tags_check\": 256, \"minimum_call_count\": 1, \"nested_graph_breaks\": false, \"numpy_default_complex\": \"complex128\", \"numpy_default_float\": \"float64\", \"numpy_default_int\": \"int64\", \"only_allow_pt2_compliant_ops\": false, \"optimize_ddp\": true, \"optimize_ddp_lazy_compile\": false, \"prefer_deferred_runtime_asserts_over_guards\": false, \"prepare_freezing\": false, \"pt2_compile_id_prefix\": null, \"raise_on_ctx_manager_usage\": true, \"raise_on_unsafe_aot_autograd\": false, \"recompile_limit\": 8, \"record_compile_time_instruction_count\": false, \"record_runtime_overhead\": true, \"replay_record_enabled\": false, \"replay_side_effects\": true, \"report_guard_failures\": true, \"rewrite_assert_with_torch_assert\": true, \"run_gc_after_compile\": true, \"side_effect_replay_policy\": \"info\", \"skip_code_recursive_on_recompile_limit_hit\": true, \"skip_fsdp_guards\": true, \"skip_fwd_side_effects_in_bwd_under_checkpoint\": false, \"skip_guards_on_constant_func_defaults\": false, \"skip_nnmodule_hook_guards\": true, \"skip_no_tensor_aliasing_guards_on_parameters\": true, \"skip_tensor_guards_with_matching_dict_tags\": true, \"skip_torchrec\": true, \"skipfiles_inline_module_allowlist\": {}, \"specialize_float\": false, \"specialize_int\": false, \"strict_precompile\": false, \"suppress_errors\": false, \"trace_autograd_ops\": false, \"trace_numpy\": true, \"track_nodes_for_deduplication\": false, \"use_graph_deduplication\": false, \"use_lamba_guard_for_object_aliasing\": false, \"use_lazy_graph_module\": true, \"use_numpy_random_stream\": false, \"use_recursive_dict_tags_for_guards\": false, \"verify_correctness\": false, \"wrap_top_frame\": false}", "compiler_config": "{\"cache_key_tag\": \"\", \"compile_on_one_rank\": false, \"dynamic_sources\": \"\", \"dynamic_values\": \"\", \"force_cudagraph_gc\": false, \"force_disable_caches\": true, \"job_id\": null, \"pgo_extra_read_key\": null, \"pgo_extra_write_key\": null, \"static_sources\": \"\", \"unbacked_sources\": \"\"}", "is_forward": true, "num_triton_bundles": null, "remote_fx_graph_cache_get_time_ms": null, "remote_fx_graph_cache_put_time_ms": null, "start_time_us": 1790632379098256, "duration_us": 30800, "dynamo_cumulative_compile_time_us": null, "aot_autograd_cumulative_compile_time_us": null, "inductor_cumulative_compile_time_us": null, "inductor_code_gen_cumulative_compile_time_us": null, "triton_compile_time_us": null, "runtime_cudagraphify_time_us": null, "runtime_triton_autotune_time_us": 30800, "dynamo_compile_time_before_restart_us": null, "distributed_ephemeral_timeout_us": null, "structured_logging_overhead_us": null, "remote_fx_graph_cache_get_time_us": null, "remote_fx_graph_cache_put_time_us": null, "backward_cumulative_compile_time_us": null, "end_time_us": 1790632379098345, "pre_grad_pass_time_us": null, "post_grad_pass_time_us": null, "joint_graph_pass_time_us": null, "log_format_version": 3, "inductor_config": "{\"TYPE_CHECKING\": false, \"_cache_config_ignore_prefix\": [\"trace\", \"cuda.cutlass_dir\", \"cutlass.cutlass_dir\", \"xpu.cutlass_dir\", \"worker_start_method\", \"compile_threads\", \"compile_worker_watchdog_interval_seconds\", \"compile_worker_mode\", \"post_grad_custom_post_pass\", \"post_grad_custom_pre_pass\", \"joint_custom_pre_pass\", \"joint_custom_post_pass\", \"pre_grad_custom_pass\", \"_fuse_ddp_communication_passes\", \"_pre_fusion_custom_pass\", \"cudagraph_policy\", \"force_disable_cudagraph_TESTING_ONLY\", \"pre_grad_pass_timing\", \"fx_graph_cache\", \"fx_graph_remote_cache\", \"autotune_local_cache\", \"autotune_remote_cache\"], \"_collective.auto_select\": false, \"_collective.one_shot_all_reduce_threshold_bytes\": 131072, \"_conv_default_backends\": \"ATEN\", \"_fuse_ddp_bucket_size\": 25, \"_fuse_ddp_communication\": false, \"_fuse_ddp_communication_passes\": [\"fuse_ddp_with_concat_op\", \"schedule_comm_wait\"], \"_micro_pipeline_tp\": false, \"_partitioned_scatter_default\": \"0\", \"_post_fusion_custom_pass\": null, \"_pre_fusion_custom_pass\": null, \"_profile_var\": \"\", \"_raise_error_for_testing\": false, \"_realize_acc_reads_threshold_default\": 8, \"_realize_opcount_threshold_default\": 30, \"_save_config_ignore\": [\"trace.upload_tar\", \"joint_custom_pre_pass\", \"joint_custom_post_pass\", \"pre_grad_custom_pass\", \"aot_inductor.repro_level\", \"aot_inductor.dump_aoti_minifier\", \"post_grad_custom_pre_pass\", \"post_grad_custom_post_pass\", \"_fuse_ddp_communication_passes\", \"_pre_fusion_custom_pass\", \"cudagraph_policy\"], \"_use_fp64_for_unbacked_floats\": true, \"add_pre_grad_passes\": null, \"aggressive_fusion\": false, \"align_random_eager\": false, \"alignment_asserts\": true, \"allow_buffer_reuse\": true, \"always_keep_tensor_constants\": false, \"annotate_training\": false, \"aot_inductor.allow_stack_allocation\": false, \"aot_inductor.aoti_shim_library\": null, \"aot_inductor.aoti_shim_library_path\": null, \"aot_inductor.autotune_per_kernel_alloc\": false, \"aot_inductor.check_lowerbound\": true, \"aot_inductor.check_upperbound\": true, \"aot_inductor.compile_wrapper_opt_level\": \"O1\", \"aot_inductor.cross_target_platform\": null, \"aot_inductor.custom_op_libs\": null, \"aot_inductor.custom_ops_to_c_shims\": {}, \"aot_inductor.debug_compile\": false, \"aot_inductor.debug_intermediate_value_printer\": \"0\", \"aot_inductor.debug_symbols\": false, \"aot_inductor.dump_aoti_minifier\": false, \"aot_inductor.dynamic_linkage\": true, \"aot_inductor.embed_kernel_binary\": null, \"aot_inductor.emit_multi_arch_kernel\": null, \"aot_inductor.enable_frame_pointer\": true, \"aot_inductor.enable_line_tables\": true, \"aot_inductor.enable_lto\": false, \"aot_inductor.filtered_kernel_names\": null, \"aot_inductor.force_mmap_weights\": false, \"aot_inductor.link_libtorch\": true, \"aot_inductor.metadata\": {}, \"aot_inductor.model_name_for_generated_files\": null, \"aot_inductor.output_path\": \"\", \"aot_inductor.package\": false, \"aot_inductor.package_constants_in_so\": true, \"aot_inductor.package_constants_on_disk_format\": null, \"aot_inductor.package_cpp_only\": null, \"aot_inductor.precompile_headers\": true, \"aot_inductor.presets\": {}, \"aot_inductor.raise_error_on_ignored_optimization\": true, \"aot_inductor.repro_level\": 2, \"aot_inductor.serialized_in_spec\": \"\", \"aot_inductor.serialized_out_spec\": \"\", \"aot_inductor.use_consts_asm_build\": true, \"aot_inductor.use_minimal_arrayref_interface\": false, \"aot_inductor.use_runtime_constant_folding\": false, \"aot_inductor.weight_use_caching_allocator\": false, \"aot_inductor_mode.compile_standalone\": false, \"apply_gumbel_max_trick\": true, \"assert_indirect_indexing\": true, \"assume_32bit_indexing\": false, \"assume_aligned_inputs\": false, \"assume_unaligned_fallback_output\": false, \"aten_distributed_optimizations.allow_comms_decompositions\": false, \"aten_distributed_optimizations.bucket_exposed_first\": null, \"aten_distributed_optimizations.bucket_mode\": null, \"aten_distributed_optimizations.bucket_only_internode_comms\": false, \"aten_distributed_optimizations.collective_bucketing\": null, \"aten_distributed_optimizations.collective_estimator\": \"analytical\", \"aten_distributed_optimizations.compute_estimator\": \"benchmark\", \"aten_distributed_optimizations.compute_overlap_multipler\": null, \"aten_distributed_optimizations.custom_runtime_estimation\": null, \"aten_distributed_optimizations.enable_fusion_regions\": true, \"aten_distributed_optimizations.enable_low_contention_collectives\": false, \"aten_distributed_optimizations.enable_overlap_scheduling\": false, \"aten_distributed_optimizations.enable_simple_overlap\": true, \"aten_distributed_optimizations.insert_overlap_deps\": null, \"aten_distributed_optimizations.log_final_collectives_estimations\": false, \"aten_distributed_optimizations.low_contention_all_gather_ce_multicast\": false, \"aten_distributed_optimizations.low_contention_min_bytes_per_rank\": 16777216, \"aten_distributed_optimizations.low_contention_skip_overlap_check\": false, \"aten_distributed_optimizations.max_coll_distance\": null, \"aten_distributed_optimizations.max_compute_pre_fetch\": null, \"aten_distributed_optimizations.max_in_flight_gb\": null, \"aten_distributed_optimizations.max_memory_increase_gb\": null, \"aten_distributed_optimizations.max_memory_increase_ratio\": null, \"aten_distributed_optimizations.overlap_scheduling_autofix_cycles\": false, \"aten_distributed_optimizations.pre_bucketing_fsdp_collectives\": true, \"aten_distributed_optimizations.pre_bucketing_fsdp_collectives_bucket_cap_mb\": null, \"aten_distributed_optimizations.pre_bucketing_fsdp_collectives_max_bucket_cap_mb\": 500.0, \"aten_distributed_optimizations.pre_bucketing_fsdp_collectives_min_bucket_cap_mb\": 10.0, \"aten_distributed_optimizations.pre_bucketing_fsdp_collectives_saturation_calibration_multiplier\": 1.0, \"aten_distributed_optimizations.pre_bucketing_fsdp_collectives_verbose\": false, \"aten_distributed_optimizations.prioritize_bucketing_during_scheduling\": true, \"aten_distributed_optimizations.profile_guided_estimations_profile_path\": null, \"aten_distributed_optimizations.spmd_check\": false, \"aten_distributed_optimizations.spmd_mismatch\": \"warn\", \"auto_chunker.amplify_ratio_threshold\": 8, \"auto_chunker.enable\": false, \"auto_chunker.num_chunk\": null, \"auto_chunker.output_size_threshold\": 1048576, \"autoheuristic_collect.pad_mm\": false, \"autoheuristic_log_path\": \"DEFAULT\", \"autoheuristic_use.pad_mm\": null, \"autotune_cudagraph_benchmarking\": false, \"autotune_cudagraph_benchmarking_iters\": 1, \"autotune_fallback_to_aten\": false, \"autotune_in_subproc\": false, \"autotune_local_cache\": true, \"autotune_lookup_table\": {}, \"autotune_multi_device\": false, \"autotune_num_choices_displayed\": 10, \"autotune_remote_cache\": null, \"b2b_gemm_pass\": false, \"batch_fusion\": true, \"batch_invariant\": false, \"benchmark_combo_kernel\": false, \"benchmark_epilogue_fusion\": true, \"benchmark_fusion\": false, \"benchmark_harness\": true, \"benchmark_kernel\": false, \"bmm_shared_a\": false, \"bucket_all_gathers_bucket_mode\": \"default\", \"bucket_all_gathers_fx\": \"none\", \"bucket_all_gathers_fx_bucket_size_determinator\": null, \"bucket_all_reduces_fx\": \"none\", \"bucket_all_reduces_fx_bucket_size_determinator\": null, \"bucket_reduce_scatters_bucket_mode\": \"default\", \"bucket_reduce_scatters_fx\": \"none\", \"bucket_reduce_scatters_fx_bucket_size_determinator\": null, \"bundle_triton_into_fx_graph_cache\": true, \"bundled_autotune_remote_cache\": null, \"bw_outputs_user_visible\": true, \"cache_sdpa_constraint\": false, \"can_inplace_pad_graph_input\": false, \"check_stack_no_cycles_TESTING_ONLY\": false, \"collective_benchmark_nruns\": 50, \"collective_benchmark_timeout\": 30.0, \"combo_kernel_allow_mixed_sizes\": 1, \"combo_kernel_autotune_grouping\": true, \"combo_kernel_compile_time_autotune\": false, \"combo_kernel_foreach_dynamic_shapes\": true, \"combo_kernel_max_distance\": 64, \"combo_kernel_max_num_args\": 250, \"combo_kernel_max_num_nodes\": 8, \"combo_kernel_peak_memory_increase_gb\": null, \"combo_kernel_peak_memory_pct_threshold\": 0.05, \"combo_kernel_per_subkernel_blocks\": false, \"combo_kernels\": false, \"combo_kernels_autotune\": 1, \"combo_kernels_pointwise_only\": false, \"comment_origin\": false, \"compile_threads\": 16, \"compile_worker_mode\": \"process\", \"compile_worker_wait_timeout\": 0, \"compile_worker_watchdog_interval_seconds\": 60, \"comprehensive_padding\": true, \"compute_all_bounds\": false, \"constant_and_index_propagation\": true, \"conv_1x1_as_mm\": false, \"coordinate_descent_check_all_directions\": false, \"coordinate_descent_search_radius\": 1, \"coordinate_descent_tuning\": false, \"cpp.cxx\": [null, \"g++\"], \"cpp.descriptive_names\": \"original_aten\", \"cpp.dynamic_threads\": false, \"cpp.enable_concat_linear\": false, \"cpp.enable_floating_point_contract_flag\": \"off\", \"cpp.enable_grouped_gemm_template\": false, \"cpp.enable_kernel_context_guard\": false, \"cpp.enable_kernel_profile\": false, \"cpp.enable_loop_tail_vec\": true, \"cpp.enable_tiling_heuristics\": true, \"cpp.enable_unsafe_math_opt_flag\": false, \"cpp.fallback_scatter_reduce_sum\": true, \"cpp.force_inline_kernel\": false, \"cpp.gemm_cache_blocking\": null, \"cpp.gemm_max_k_slices\": 1, \"cpp.gemm_thread_factors\": null, \"cpp.inject_log1p_bug_TESTING_ONLY\": null, \"cpp.inject_relu_bug_TESTING_ONLY\": null, \"cpp.march\": null, \"cpp.max_horizontal_fusion_size\": 16, \"cpp.min_chunk_size\": 512, \"cpp.no_redundant_loops\": true, \"cpp.simdlen\": null, \"cpp.threads\": -1, \"cpp.use_constexpr_for_int_array\": true, \"cpp.use_decompose_tanh\": false, \"cpp.use_small_dequant_buffer\": false, \"cpp.use_two_step_variance_threshold\": 1024, \"cpp.vec_isa_ok\": null, \"cpp.weight_prepack\": true, \"cpp_cache_precompile_headers\": true, \"cpp_wrapper\": false, \"cpp_wrapper_build_separate\": false, \"cpu_backend\": \"cpp\", \"cpu_gpu_bw\": 50.0, \"cuda.arch\": null, \"cuda.autotune_tunableop_dynamic_dims_wildcard\": false, \"cuda.binary_remote_cache_force_write\": false, \"cuda.compile_opt_level\": \"-O1\", \"cuda.cuda_cxx\": null, \"cuda.cutlass_backend_min_gemm_size\": 1, \"cuda.cutlass_dir\": \"/home/arki/miniconda3/envs/aiperf/lib/python3.10/site-packages/third_party/cutlass\", \"cuda.cutlass_dynamic_cluster_fallback\": [2, 1, 1], \"cuda.cutlass_dynamic_cluster_shape\": [2, 1, 1], \"cuda.cutlass_enabled_ops\": \"all\", \"cuda.cutlass_epilogue_fusion_enabled\": false, \"cuda.cutlass_hash_with_compile_cmd\": false, \"cuda.cutlass_instantiation_level\": \"0\", \"cuda.cutlass_max_profiling_configs\": null, \"cuda.cutlass_max_profiling_swizzle_options\": [1, 2, 4, 8], \"cuda.cutlass_op_allowlist_regex\": null, \"cuda.cutlass_op_denylist_regex\": null, \"cuda.cutlass_prescreening\": true, \"cuda.cutlass_tma_only\": false, \"cuda.enable_caching_codegen\": true, \"cuda.enable_cuda_lto\": false, \"cuda.enable_debug_info\": false, \"cuda.enable_ptxas_info\": false, \"cuda.generate_test_runner\": false, \"cuda.upload_to_binary_remote_cache\": false, \"cuda.use_binary_remote_cache\": true, \"cuda.use_fast_math\": false, \"cuda.version\": null, \"cuda_backend\": \"triton\", \"cudagraph_policy\": null, \"cudagraph_unsafe_unbacked_ops\": [], \"custom_partitioner_fn\": null, \"custom_should_partition_ops\": [], \"cutedsl_enable_autotuning\": false, \"cutlass.binary_remote_cache_force_write\": false, \"cutlass.compile_opt_level\": \"-O1\", \"cutlass.cutlass_backend_min_gemm_size\": 1, \"cutlass.cutlass_dir\": \"/home/arki/miniconda3/envs/aiperf/lib/python3.10/site-packages/third_party/cutlass\", \"cutlass.cutlass_dynamic_cluster_fallback\": [2, 1, 1], \"cutlass.cutlass_dynamic_cluster_shape\": [2, 1, 1], \"cutlass.cutlass_enabled_ops\": \"all\", \"cutlass.cutlass_epilogue_fusion_enabled\": false, \"cutlass.cutlass_hash_with_compile_cmd\": false, \"cutlass.cutlass_instantiation_level\": \"0\", \"cutlass.cutlass_max_profiling_configs\": null, \"cutlass.cutlass_max_profiling_swizzle_options\": [1, 2, 4, 8], \"cutlass.cutlass_op_allowlist_regex\": null, \"cutlass.cutlass_op_denylist_regex\": null, \"cutlass.cutlass_prescreening\": true, \"cutlass.cutlass_tma_only\": false, \"cutlass.enable_caching_codegen\": true, \"cutlass.enable_debug_info\": false, \"cutlass.generate_test_runner\": false, \"cutlass.upload_to_binary_remote_cache\": false, \"cutlass.use_binary_remote_cache\": true, \"cutlass.use_fast_math\": false, \"dce\": false, \"debug\": false, \"debug_fusion\": false, \"debug_index_asserts\": false, \"debug_ir_traceback\": false, \"decompose_mem_bound_mm\": false, \"decompose_shard_dim_alltoall\": false, \"dedup_reduce_scatters\": false, \"delay_realize_cheap_outputs\": true, \"deterministic\": false, \"developer_warnings\": true, \"disable_cpp_codegen\": false, \"disable_padding_cpu\": true, \"disable_progress\": true, \"disabled_passes\": \"\", \"distributed_max_autotune_gemm\": false, \"do_not_emit_runtime_assertions\": false, \"dynamic_scale_rblock\": true, \"eager_numerics.disable_ftz\": false, \"eager_numerics.division_rounding\": false, \"eager_numerics.use_pytorch_libdevice\": false, \"efficient_conv_bn_eval_fx_passes\": false, \"emulate_precision_casts\": false, \"emulate_precision_casts_on_saved_tensors\": true, \"enable_auto_functionalized_v2\": true, \"enable_autograd_for_aot\": false, \"enable_caching_generated_triton_templates\": true, \"enable_linear_binary_folding\": false, \"enabled_metric_tables\": \"\", \"epilogue_fusion\": true, \"epilogue_fusion_first\": false, \"epilogue_fusion_user_defined_triton_kernel\": false, \"epilogue_fusion_with_atomic_add\": false, \"estimate_op_runtime\": \"default\", \"expand_dimension_for_pointwise_nodes\": false, \"external_matmul\": [], \"fallback_by_default\": false, \"fallback_embedding_bag_byte_unpack\": false, \"fallback_random\": false, \"file_lock_timeout\": 600, \"flydsl_enable_autotuning\": false, \"force_disable_cudagraph_TESTING_ONLY\": false, \"force_fuse_int_mm_with_mul\": false, \"force_layout_optimization\": false, \"force_pointwise_cat\": false, \"force_shape_pad\": false, \"freezing\": false, \"freezing_discard_parameters\": false, \"fx_graph_cache\": true, \"fx_graph_remote_cache\": null, \"fx_passes_numeric_check\": {\"num_iterations\": 1, \"pre_grad\": false, \"precision\": 0.0001, \"requires_optimizer\": true}, \"fx_wrapper\": false, \"generate_intermediate_hooks\": false, \"global_cache_dir\": null, \"graph_partition\": true, \"group_fusion\": false, \"halide.asserts\": false, \"halide.cpu_target\": \"host\", \"halide.debug\": false, \"halide.gpu_target\": \"host-cuda\", \"halide.scan_kernels\": false, \"halide.scheduler_cpu\": \"Adams2019\", \"halide.scheduler_cuda\": \"Anderson2021\", \"implicit_fallbacks\": true, \"incremental_autotune\": false, \"inductor_choices_class\": null, \"inductor_default_autotune_rep\": 100, \"inductor_default_autotune_warmup\": 25, \"inplace_buffers\": true, \"inplace_padding\": true, \"inter_node_bw\": null, \"intra_node_bw\": null, \"is_nightly_or_source\": true, \"is_predispatch\": false, \"joint_custom_post_pass\": null, \"joint_custom_pre_pass\": null, \"joint_graph_constant_folding\": true, \"keep_addmm_fused_for_half_dtypes\": true, \"keep_output_stride\": true, \"keep_static_cubin_raw\": false, \"kernel_name_max_ops\": 10, \"layout_opt_default\": \"1\", \"layout_optimization\": true, \"log_tlparse\": false, \"lookup_table.check_src_hash\": true, \"lookup_table.table\": null, \"loop_index_inversion_in_fusion\": true, \"loop_ordering_after_fusion\": true, \"loop_reindexing_after_fusion\": true, \"max_autotune\": false, \"max_autotune_allow_flexible_layouts\": false, \"max_autotune_conv_backends\": \"ATEN,TRITON\", \"max_autotune_conv_bwd_input_backends\": \"ATEN\", \"max_autotune_conv_bwd_weight_backends\": \"ATEN\", \"max_autotune_flex_search_space\": \"DEFAULT\", \"max_autotune_gemm\": false, \"max_autotune_gemm_backends\": \"ATEN,TRITON,CPP\", \"max_autotune_gemm_search_space\": \"DEFAULT\", \"max_autotune_pointwise\": false, \"max_autotune_prune_choices_based_on_shared_mem\": false, \"max_autotune_report_choices_stats\": true, \"max_autotune_subproc_graceful_timeout_seconds\": 0.0, \"max_autotune_subproc_result_timeout_seconds\": 60.0, \"max_autotune_subproc_terminate_timeout_seconds\": 0.0, \"max_complex_pointwise_cat_inputs\": 8, \"max_epilogue_benchmarked_choices\": 1, \"max_fusion_buffer_group_pairwise_attempts\": 64, \"max_fusion_size\": 64, \"max_fusion_unique_io_buffers\": null, \"max_pointwise_cat_inputs\": 8, \"memory_planning\": false, \"memory_pool\": \"intermediates\", \"min_num_split\": 0, \"min_overlap_ratio\": 1.1, \"mixed_mm_choice\": \"heuristic\", \"mtia.disable_welford_reduction\": false, \"multi_kernel_hints\": [], \"nan_asserts\": false, \"non_blocking_remote_cache_write\": true, \"numerics\": \"default\", \"nvgemm_max_profiling_configs\": 10, \"nvgemm_supplement_configs\": false, \"nvgemm_swap_ab\": false, \"online_softmax\": true, \"optimize_scatter_upon_const_tensor\": true, \"pad_channels_last\": false, \"pad_dynamic_shapes\": false, \"pad_outputs\": false, \"padding_alignment_bytes\": 128, \"padding_stride_threshold\": 1024, \"partitioned_scatter_enabled\": false, \"partitioned_scatter_force\": false, \"partitioned_scatter_max_partitions\": 64, \"partitioned_scatter_min_contention_ratio\": 4.0, \"partitioned_scatter_min_index_size\": 4096, \"partitioned_scatter_min_partitions\": 2, \"partitioned_scatter_non_model_floor_bytes\": 1500000000, \"pattern_matcher\": true, \"permute_fusion\": false, \"pick_loop_orders\": true, \"pipeline_max_autotune_gemm\": false, \"post_grad_custom_post_pass\": null, \"post_grad_custom_pre_pass\": null, \"post_grad_fusion_options\": {}, \"pre_grad_custom_pass\": null, \"pre_grad_fusion_options\": {}, \"pre_grad_pass_timing\": \"default\", \"precompilation_timeout_seconds\": 300, \"profile_bandwidth\": false, \"profile_bandwidth_output\": null, \"profile_bandwidth_regex\": \"\", \"profile_bandwidth_with_do_bench_using_profiling\": false, \"profiler_mark_wrapper_call\": false, \"prologue_fusion\": true, \"quiesce_async_compile_pool\": true, \"quiesce_async_compile_time\": 60, \"realize_acc_reads_size_threshold\": null, \"realize_acc_reads_threshold\": null, \"realize_cpu_acc_reads_threshold\": 12, \"realize_cpu_opcount_threshold\": 50, \"realize_opcount_threshold\": null, \"realize_opusers_threshold\": 5, \"realize_reads_threshold\": 4, \"remote_gemm_autotune_cache\": false, \"remove_pre_grad_passes\": null, \"reorder_for_compute_comm_overlap\": false, \"reorder_for_compute_comm_overlap_passes\": [], \"reorder_for_locality\": true, \"reorder_for_locality_in_training\": false, \"reorder_for_peak_memory\": true, \"reorder_for_peak_memory_debug\": false, \"reorder_prefetch_limit\": null, \"rocm.arch\": [], \"rocm.ck_dir\": null, \"rocm.ck_max_profiling_configs\": null, \"rocm.ck_supported_arch\": [\"gfx90a\", \"gfx942\", \"gfx950\"], \"rocm.ck_tile_max_profiling_configs\": null, \"rocm.compile_opt_level\": \"-O2\", \"rocm.contiguous_threshold\": 16, \"rocm.flush_denormals\": true, \"rocm.generate_test_runner\": false, \"rocm.is_debug\": false, \"rocm.kBatch_sweep\": null, \"rocm.n_max_profiling_configs\": null, \"rocm.origami\": true, \"rocm.origami_topk\": 6, \"rocm.print_kernel_resource_usage\": false, \"rocm.rocm_home\": null, \"rocm.save_temps\": false, \"rocm.split_k_threshold\": 16, \"rocm.use_fast_math\": true, \"rocm.use_preselected_instances\": false, \"run_jit_post_compile_hook\": false, \"runtime_estimations_mms_benchmark\": false, \"runtime_triton_nan_asserts\": false, \"save_args\": false, \"scalar_asserts\": true, \"score_fusion_memory_threshold\": 10, \"search_autotune_cache\": false, \"selective_decompose\": false, \"shape_padding\": true, \"size_asserts\": true, \"size_threshold_for_succ_based_strategy\": 0, \"sleep_sec_TESTING_ONLY\": null, \"small_memory_access_threshold\": 16777216, \"split_cat_fx_passes\": true, \"split_reductions\": true, \"static_launch_user_defined_triton_kernels\": false, \"static_weight_shapes\": true, \"strict_output_strides\": false, \"strict_signed_zero\": false, \"strict_static_cuda_launcher\": false, \"test_configs.assume_bucketing_reduces_latency\": true, \"test_configs.autotune_choice_desc_regex\": null, \"test_configs.autotune_choice_name_regex\": null, \"test_configs.bisect_keep_custom_backend_for_inductor\": false, \"test_configs.bisect_pre_grad_graph\": false, \"test_configs.distort_benchmarking_result\": \"\", \"test_configs.force_custom_op_decomposition\": null, \"test_configs.force_extern_kernel_in_multi_template\": false, \"test_configs.force_filter_reduction_configs\": false, \"test_configs.force_no_impl_grouping\": false, \"test_configs.graphsafe_rng_func_ignores_fallback_random\": false, \"test_configs.max_flex_configs\": null, \"test_configs.max_mm_configs\": null, \"test_configs.runtime_triton_dtype_assert\": false, \"test_configs.runtime_triton_shape_assert\": false, \"test_configs.static_cpp_dtype_assert\": false, \"test_configs.track_memory_lifecycle\": null, \"test_configs.use_libtorch\": false, \"torchinductor_worker_logpath\": \"\", \"tpu_backend\": \"pallas\", \"trace.compile_profile\": false, \"trace.debug_dir\": null, \"trace.debug_log\": false, \"trace.dot_graph_shape\": null, \"trace.draw_orig_fx_graph\": false, \"trace.enabled\": true, \"trace.fx_graph\": true, \"trace.fx_graph_transformed\": true, \"trace.graph_diagram\": false, \"trace.graph_diagram_format\": \"svg\", \"trace.info_log\": false, \"trace.ir_post_fusion\": true, \"trace.ir_pre_fusion\": true, \"trace.log_autotuning_results\": false, \"trace.log_url_for_graph_xform\": null, \"trace.orig_fx_graph_diagram_format\": \"svg\", \"trace.output_code\": true, \"trace.provenance_tracking_level\": 1, \"trace.provenance_tracking_max_events\": 500000, \"trace.provenance_tracking_to_timeline\": false, \"trace.save_real_tensors\": false, \"trace.upload_tar\": null, \"triton.autotune_at_compile_time\": null, \"triton.autotune_cublasLt\": true, \"triton.autotune_pointwise\": true, \"triton.autotune_with_sample_inputs\": false, \"triton.coalesce_tiling_analysis\": true, \"triton.codegen_upcast_to_fp32\": true, \"triton.cooperative_reductions\": false, \"triton.cudagraph_capture_sizes\": null, \"triton.cudagraph_dynamic_shape_warn_limit\": 8, \"triton.cudagraph_initial_mempool_allocation_gb\": null, \"triton.cudagraph_managed_input_rerecord_action\": \"copy\", \"triton.cudagraph_managed_input_rerecord_limit\": 5, \"triton.cudagraph_min_partition_size\": 0, \"triton.cudagraph_or_error\": false, \"triton.cudagraph_partition_memory_budget\": 1.1, \"triton.cudagraph_skip_dynamic_graphs\": false, \"triton.cudagraph_support_input_mutation\": true, \"triton.cudagraph_trees\": true, \"triton.cudagraph_trees_generation_cloning\": null, \"triton.cudagraph_trees_history_recording\": false, \"triton.cudagraph_trees_objgraph\": false, \"triton.cudagraph_unexpected_rerecord_limit\": 128, \"triton.cudagraphs\": false, \"triton.debug_dump_kernel_inputs\": {}, \"triton.debug_sync_graph\": false, \"triton.debug_sync_kernel\": false, \"triton.decompose_k_threshold\": 32, \"triton.decompose_sort_ops\": false, \"triton.dense_indexing\": false, \"triton.descriptive_names\": \"original_aten\", \"triton.disallow_failing_autotune_kernels_TESTING_ONLY\": false, \"triton.divisible_by_16\": true, \"triton.dynamic_disable_pipelining\": true, \"triton.emit_pointer_range_32\": true, \"triton.enable_flex_tdm\": true, \"triton.enable_host_side_tma\": false, \"triton.enable_pdl\": false, \"triton.enable_persistent_tma_matmul\": false, \"triton.enable_template_autows\": false, \"triton.enable_template_tma_store\": false, \"triton.enable_tma_load_for_template_epilogue\": false, \"triton.fast_path_cudagraph_asserts\": false, \"triton.force_cooperative_reductions\": false, \"triton.force_cudagraph_sync\": false, \"triton.force_cudagraphs_warmup\": false, \"triton.inject_relu_bug_TESTING_ONLY\": null, \"triton.max_kernel_dump_occurrences\": 3, \"triton.max_tiles\": null, \"triton.min_split_scan_rblock\": 256, \"triton.mix_order_reduction\": true, \"triton.mix_order_reduction_allow_multi_stages\": true, \"triton.mix_order_reduction_autotune_split_size\": false, \"triton.mix_order_reduction_initial_xblock\": 1, \"triton.mix_order_reduction_max_reads\": 10, \"triton.mix_order_reduction_non_strict_mode\": false, \"triton.mix_order_reduction_split_size\": null, \"triton.multi_kernel\": 0, \"triton.native_matmul\": false, \"triton.nested_reduction\": true, \"triton.num_decompose_k_splits\": 10, \"triton.persistent_reductions\": true, \"triton.prefer_nd_tiling\": false, \"triton.proton_group_by_sm\": true, \"triton.proton_output_dir\": null, \"triton.proton_per_cta_occupancy\": true, \"triton.proton_profiling\": false, \"triton.proton_split_invocations\": true, \"triton.reorder_for_reducing_graph_partitions\": true, \"triton.scalar_accumulators\": true, \"triton.skip_cudagraph_warmup\": false, \"triton.skip_l1_cache\": false, \"triton.slow_path_cudagraph_asserts\": true, \"triton.spill_threshold\": 16, \"triton.store_cubin\": false, \"triton.tile_reductions\": false, \"triton.tiling_prevents_pointwise_fusion\": true, \"triton.tiling_prevents_reduction_fusion\": true, \"triton.tlx_mode\": null, \"triton.transpose_discontiguous_tensor_descriptor\": true, \"triton.unique_kernel_names\": true, \"triton.unique_user_kernel_names\": false, \"triton.use_block_ptr\": false, \"triton.use_tensor_descriptor\": false, \"triton.use_two_step_variance_min_numel\": 1024, \"triton.use_two_step_variance_threshold\": 32768, \"triton_disable_device_detection\": false, \"triton_kernel_default_layout_constraint\": \"needs_fixed_stride_order\", \"unbacked_symint_fallback\": 8192, \"unroll_reductions_threshold\": 8, \"unsafe_ignore_unsupported_triton_autotune_args\": false, \"unsafe_marked_cacheable_functions\": {}, \"unsafe_skip_cache_dynamic_shape_guards\": false, \"unsafe_skip_scalar_range_asserts\": false, \"use_dce\": true, \"use_experimental_benchmarker\": true, \"use_fast_math\": false, \"use_fast_triton_launcher\": true, \"use_joint_graph_passes\": true, \"use_launch_metadata_schema\": true, \"use_mixed_mm\": true, \"use_post_grad_passes\": true, \"use_pre_grad_passes\": true, \"use_static_cuda_launcher\": true, \"use_torch_profiler_benchmarker\": false, \"verbose_progress\": false, \"warn_mix_layout\": false, \"worker_log_path\": null, \"worker_start_method\": \"subprocess\", \"worker_suppress_logging\": true, \"wrap_inductor_compiled_regions\": false, \"write_are_deterministic_algorithms_enabled\": true, \"xpu.arch\": null, \"xpu.binary_remote_cache_force_write\": false, \"xpu.compile_opt_level\": \"-O1\", \"xpu.cutlass_backend_min_gemm_size\": 1, \"xpu.cutlass_dir\": \"/home/arki/workspace/pytorch\", \"xpu.cutlass_dynamic_cluster_fallback\": [2, 1, 1], \"xpu.cutlass_dynamic_cluster_shape\": [2, 1, 1], \"xpu.cutlass_enabled_ops\": \"all\", \"xpu.cutlass_epilogue_fusion_enabled\": false, \"xpu.cutlass_hash_with_compile_cmd\": false, \"xpu.cutlass_instantiation_level\": \"0\", \"xpu.cutlass_max_profiling_configs\": null, \"xpu.cutlass_max_profiling_swizzle_options\": [1, 2, 4, 8], \"xpu.cutlass_op_allowlist_regex\": null, \"xpu.cutlass_op_denylist_regex\": null, \"xpu.cutlass_prescreening\": true, \"xpu.cutlass_tma_only\": false, \"xpu.enable_caching_codegen\": true, \"xpu.enable_debug_info\": false, \"xpu.generate_test_runner\": false, \"xpu.oneapi_root\": null, \"xpu.upload_to_binary_remote_cache\": false, \"xpu.use_binary_remote_cache\": true, \"xpu.use_fast_math\": false, \"xpu.version\": null, \"xpu_backend\": \"triton\"}", "remote_cache_version": null, "inductor_fx_remote_cache_hit_count": 0, "inductor_fx_remote_cache_miss_count": 0, "inductor_fx_remote_cache_backend_type": null, "inductor_fx_remote_cache_hit_keys": null, "inductor_fx_remote_cache_miss_keys": null, "inductor_fx_local_cache_hit_count": 0, "inductor_fx_local_cache_miss_count": 0, "aotautograd_remote_cache_hit_count": 0, "aotautograd_remote_cache_miss_count": 0, "aotautograd_local_cache_hit_count": 0, "aotautograd_local_cache_miss_count": 0, "cuda_version": "13.2", "triton_version": "3.8.0", "feature_usage": null, "compile_time_autotune_time_us": null, "is_runtime": true, "gc_time_us": null, "tensorify_float_attempt": null, "tensorify_float_success": null, "tensorify_float_failure": null, "guard_latency_us": null, "recompile_reason": null, "num_graph_breaks": null, "triton_kernel_compile_times_us": null, "ir_count": null, "cudagraph_skip_reason": null, "python_version": "3.10.20 (main, Jun 11 2026, 15:17:37) [GCC 14.3.0]", "pgo_put_remote_code_state_time_us": null, "pgo_get_remote_code_state_time_us": null, "param_numel": null, "param_bytes": null, "param_count": null, "recompile_user_contexts": null, "inline_inbuilt_nn_modules_candidate": false, "pytorch_version": "2.15.0.dev20260922+cu132", "inductor_provenance": null, "functorch_config": "{\"_sync_cache_decision_cross_ranks\": false, \"_sync_decision_cross_ranks\": false, \"_test_disable_functionalization\": true, \"activation_memory_budget\": 1.0, \"activation_memory_budget_require_full_coverage\": true, \"activation_memory_budget_runtime_estimator\": \"flops\", \"activation_memory_budget_solver\": \"dp\", \"activation_offload_cpu_gpu_bw\": 50.0, \"activation_offload_separate_stream\": false, \"activation_offload_sink_wait\": false, \"activation_reload_prefetch\": false, \"aggressive_recomputation\": false, \"autograd_cache_allow_custom_autograd_functions\": false, \"autograd_cache_normalize_inputs\": true, \"backward_pass_autocast\": \"same_as_forward\", \"ban_recompute_long_fusible_chains\": true, \"ban_recompute_materialized_backward\": true, \"ban_recompute_not_in_allowlist\": true, \"ban_recompute_reductions\": true, \"ban_recompute_used_far_apart\": true, \"bundled_autograd_cache\": false, \"bypass_autograd_cache_key\": false, \"check_custom_op_aliasing\": true, \"cse\": true, \"custom_op_default_layout_constraint\": \"needs_exact_strides\", \"debug_assert\": false, \"debug_partitioner\": false, \"decompose_custom_triton_ops\": true, \"disable_guess_zero_tangent_for_mutated_input_subclass\": false, \"donated_buffer\": true, \"enable_activation_offloading\": false, \"enable_autograd_cache\": true, \"enable_complex_wrapper\": false, \"enable_remote_autograd_cache\": null, \"error_on_custom_op_aliasing\": false, \"fake_tensor_allow_meta\": true, \"fake_tensor_allow_unsafe_data_ptr_access\": true, \"fake_tensor_crossref\": false, \"fake_tensor_prefer_device_type\": null, \"fake_tensor_propagate_real_tensors\": false, \"force_autograd_cache\": false, \"force_non_lazy_backward_lowering\": false, \"functionalize_rng_ops\": false, \"generate_fake_kernels_from_real_mismatches\": false, \"graphsafe_rng_functionalization\": true, \"guess_tangent_strides_as_outputs\": true, \"is_non_builtin_to_include\": false, \"joint_custom_pass\": null, \"max_dist_from_bw\": 1000, \"memory_budget_pareto_dir\": null, \"recompute_views\": false, \"remat_using_tags_for_fwd_loss_bwd_graph\": true, \"saved_tensors_hooks_filtering_mode\": \"donated\", \"selective_decompose\": false, \"static_weight_shapes\": true, \"strict_autograd_cache\": false, \"torch_compile_graph_format\": \"svg\", \"treat_parameters_as_free_to_save\": true, \"unlift_effect_tokens\": false, \"unsafe_allow_optimization_of_collectives\": false, \"unsafe_treat_script_objects_as_zero_size\": false, \"view_replay_for_aliased_outputs\": true, \"visualize_memory_budget_pareto\": false}"}, "frame_id": 0, "frame_compile_id": 0}
